{
  "type": "FeatureCollection",
  "name": "fallas_activas_ecuador_gem",
  "metadata": {
    "generated": "2026-09-10",
    "source": "https://github.com/GEMScienceTools/gem-global-active-faults/blob/850fd05b48841eb806d61a37043b5567f5bb99dd/geojson/gem_active_faults_harmonized.geojson",
    "source_commit": "850fd05b48841eb806d61a37043b5567f5bb99dd",
    "source_blob_sha": "fb164770b529695544fa864abe2cc9dd8aa5793d",
    "license": "CC BY-SA 4.0",
    "selection_boundary": "https://github.com/wmgeolab/geoBoundaries/tree/9469f09/releaseData/gbOpen/ECU",
    "selection_rule": "Original SARA and Active Tectonics of the Andes geometries that intersect geoBoundaries Ecuador; geometries were not clipped or simplified.",
    "feature_count": 145,
    "catalog_counts": {
      "Active Tectonics of the Andes": 84,
      "SARA": 61
    }
  },
  "features": [
    {
      "type": "Feature",
      "id": "ATA_84",
      "properties": {
        "catalog_id": "ATA_84",
        "catalog_name": "Active Tectonics of the Andes",
        "name": "EL_TAMBOR_FAULT",
        "slip_type": "Reverse",
        "nombre": "El Tambor Fault",
        "nombre_en": "El Tambor Fault",
        "provincia": "Carchi",
        "provincia_en": "Carchi",
        "tipo_movimiento": "inversa",
        "movimiento_original": "Reverse",
        "movimiento_original_en": "Reverse",
        "fuente": "ATA (Veloza et al., 2012) vía GEM GAF-DB",
        "fuente_url": "https://github.com/GEMScienceTools/gem-global-active-faults/blob/850fd05b48841eb806d61a37043b5567f5bb99dd/geojson/gem_active_faults_harmonized.geojson",
        "licencia": "CC BY-SA 4.0",
        "descripcion": "Traza regional incorporada por GEM GAF-DB desde el catálogo Active Tectonics of the Andes. Revise la clasificación original y los metadatos disponibles antes de usarla a escala local.",
        "descripcion_en": "Regional trace incorporated into GEM GAF-DB from the Active Tectonics of the Andes catalog. Review the original classification and available metadata before using it at local scale."
      },
      "geometry": {
        "type": "LineString",
        "coordinates": [
          [
            -77.753804824,
            2.00953463400003
          ],
          [
            -77.8359791519999,
            1.78197495700005
          ],
          [
            -77.94975899,
            1.55441528100005
          ],
          [
            -78.144647418,
            1.31665406500002
          ],
          [
            -78.312472143,
            1.09543056400003
          ]
        ]
      }
    },
    {
      "type": "Feature",
      "id": "ATA_90",
      "properties": {
        "catalog_id": "ATA_90",
        "catalog_name": "Active Tectonics of the Andes",
        "slip_type": "Reverse",
        "nombre": "Traza sin nombre (ATA_90)",
        "nombre_en": "Unnamed trace (ATA_90)",
        "provincia": "Napo, Sucumbíos",
        "provincia_en": "Napo, Sucumbíos",
        "tipo_movimiento": "inversa",
        "movimiento_original": "Reverse",
        "movimiento_original_en": "Reverse",
        "fuente": "ATA (Veloza et al., 2012) vía GEM GAF-DB",
        "fuente_url": "https://github.com/GEMScienceTools/gem-global-active-faults/blob/850fd05b48841eb806d61a37043b5567f5bb99dd/geojson/gem_active_faults_harmonized.geojson",
        "licencia": "CC BY-SA 4.0",
        "descripcion": "Traza regional incorporada por GEM GAF-DB desde el catálogo Active Tectonics of the Andes. Revise la clasificación original y los metadatos disponibles antes de usarla a escala local.",
        "descripcion_en": "Regional trace incorporated into GEM GAF-DB from the Active Tectonics of the Andes catalog. Review the original classification and available metadata before using it at local scale."
      },
      "geometry": {
        "type": "LineString",
        "coordinates": [
          [
            -77.784916499,
            -0.093781231999952
          ],
          [
            -77.783692843,
            0.006607874000048
          ],
          [
            -77.756156232,
            0.068761940000048
          ],
          [
            -77.723899058,
            0.104952916000048
          ],
          [
            -77.649802941,
            0.190668364000048
          ],
          [
            -77.612965851,
            0.234768371000048
          ],
          [
            -77.483937155,
            0.256797661000048
          ],
          [
            -77.358242106,
            0.311559442000048
          ],
          [
            -77.280018467,
            0.411116800000048
          ],
          [
            -77.251573507,
            0.489340439000048
          ],
          [
            -77.191127968,
            0.539119118000048
          ],
          [
            -77.148460529,
            0.588897797000048
          ],
          [
            -77.06668127,
            0.599564657000048
          ]
        ]
      }
    },
    {
      "type": "Feature",
      "id": "ATA_112",
      "properties": {
        "catalog_id": "ATA_112",
        "catalog_name": "Active Tectonics of the Andes",
        "name": "CASCALES_FAULT",
        "slip_type": "Reverse",
        "reference": "Eguez et al., 2003",
        "nombre": "Cascales Fault",
        "nombre_en": "Cascales Fault",
        "provincia": "Napo, Orellana, Sucumbíos",
        "provincia_en": "Napo, Orellana, Sucumbíos",
        "tipo_movimiento": "inversa",
        "movimiento_original": "Reverse",
        "movimiento_original_en": "Reverse",
        "fuente": "ATA (Veloza et al., 2012) vía GEM GAF-DB",
        "fuente_url": "https://github.com/GEMScienceTools/gem-global-active-faults/blob/850fd05b48841eb806d61a37043b5567f5bb99dd/geojson/gem_active_faults_harmonized.geojson",
        "licencia": "CC BY-SA 4.0",
        "descripcion": "Traza regional incorporada por GEM GAF-DB desde el catálogo Active Tectonics of the Andes. Revise la clasificación original y los metadatos disponibles antes de usarla a escala local.",
        "descripcion_en": "Regional trace incorporated into GEM GAF-DB from the Active Tectonics of the Andes catalog. Review the original classification and available metadata before using it at local scale."
      },
      "geometry": {
        "type": "LineString",
        "coordinates": [
          [
            -77.459154207,
            -0.281675871999937
          ],
          [
            -77.437445657,
            -0.266321044999927
          ],
          [
            -77.418384492,
            -0.255202031999943
          ],
          [
            -77.37990066,
            -0.22887321099995
          ],
          [
            -77.345316692,
            -0.199077489999979
          ],
          [
            -77.2981932559999,
            -0.120185444999947
          ],
          [
            -77.2770141839999,
            -0.071473578999928
          ],
          [
            -77.261660513,
            -2.1312999934e-05
          ],
          [
            -77.2277728399999,
            0.09690004700002
          ],
          [
            -77.2378329,
            0.139258192000057
          ],
          [
            -77.254032116,
            0.202131196000039
          ],
          [
            -77.265474711,
            0.270786766000072
          ]
        ]
      }
    },
    {
      "type": "Feature",
      "id": "ATA_113",
      "properties": {
        "catalog_id": "ATA_113",
        "catalog_name": "Active Tectonics of the Andes",
        "name": "PAYAMINO_FAULT",
        "slip_type": "Reverse",
        "reference": "Eguez et al., 2003",
        "nombre": "Payamino Fault",
        "nombre_en": "Payamino Fault",
        "provincia": "Napo, Orellana",
        "provincia_en": "Napo, Orellana",
        "tipo_movimiento": "inversa",
        "movimiento_original": "Reverse",
        "movimiento_original_en": "Reverse",
        "fuente": "ATA (Veloza et al., 2012) vía GEM GAF-DB",
        "fuente_url": "https://github.com/GEMScienceTools/gem-global-active-faults/blob/850fd05b48841eb806d61a37043b5567f5bb99dd/geojson/gem_active_faults_harmonized.geojson",
        "licencia": "CC BY-SA 4.0",
        "descripcion": "Traza regional incorporada por GEM GAF-DB desde el catálogo Active Tectonics of the Andes. Revise la clasificación original y los metadatos disponibles antes de usarla a escala local.",
        "descripcion_en": "Regional trace incorporated into GEM GAF-DB from the Active Tectonics of the Andes catalog. Review the original classification and available metadata before using it at local scale."
      },
      "geometry": {
        "type": "LineString",
        "coordinates": [
          [
            -77.296075349,
            -0.454814789999944
          ],
          [
            -77.3050764549999,
            -0.393924955999978
          ],
          [
            -77.304546978,
            -0.346801519999929
          ],
          [
            -77.307194362,
            -0.298089653999966
          ],
          [
            -77.309312269,
            -0.259967322999955
          ],
          [
            -77.316724944,
            -0.194312198999967
          ],
          [
            -77.309841746,
            -0.148247715999958
          ]
        ]
      }
    },
    {
      "type": "Feature",
      "id": "ATA_114",
      "properties": {
        "catalog_id": "ATA_114",
        "catalog_name": "Active Tectonics of the Andes",
        "name": "TAISHA_FAULT",
        "slip_type": "Reverse",
        "reference": "Eguez et al., 2003_USGS",
        "nombre": "Taisha Fault",
        "nombre_en": "Taisha Fault",
        "provincia": "Morona Santiago, Pastaza",
        "provincia_en": "Morona Santiago, Pastaza",
        "tipo_movimiento": "inversa",
        "movimiento_original": "Reverse",
        "movimiento_original_en": "Reverse",
        "fuente": "ATA (Veloza et al., 2012) vía GEM GAF-DB",
        "fuente_url": "https://github.com/GEMScienceTools/gem-global-active-faults/blob/850fd05b48841eb806d61a37043b5567f5bb99dd/geojson/gem_active_faults_harmonized.geojson",
        "licencia": "CC BY-SA 4.0",
        "descripcion": "Traza regional incorporada por GEM GAF-DB desde el catálogo Active Tectonics of the Andes. Revise la clasificación original y los metadatos disponibles antes de usarla a escala local.",
        "descripcion_en": "Regional trace incorporated into GEM GAF-DB from the Active Tectonics of the Andes catalog. Review the original classification and available metadata before using it at local scale."
      },
      "geometry": {
        "type": "LineString",
        "coordinates": [
          [
            -77.612566756,
            -2.77675767199997
          ],
          [
            -77.540096988,
            -2.70810210299993
          ],
          [
            -77.4790698159999,
            -2.58604775699996
          ],
          [
            -77.463813022,
            -2.43347982499995
          ],
          [
            -77.471441419,
            -2.36482425599996
          ],
          [
            -77.482884014,
            -2.30761128199993
          ],
          [
            -77.459998824,
            -2.23132731599998
          ],
          [
            -77.459998824,
            -2.12834396199997
          ],
          [
            -77.482884014,
            -2.07494518599998
          ]
        ]
      }
    },
    {
      "type": "Feature",
      "id": "ATA_115",
      "properties": {
        "catalog_id": "ATA_115",
        "catalog_name": "Active Tectonics of the Andes",
        "name": "SANTIAGO-UPANO_FAULT",
        "slip_type": "Reverse",
        "reference": "Eguez et al., 2003_USGS",
        "nombre": "Santiago-Upano Fault",
        "nombre_en": "Santiago-Upano Fault",
        "provincia": "Morona Santiago",
        "provincia_en": "Morona Santiago",
        "tipo_movimiento": "inversa",
        "movimiento_original": "Reverse",
        "movimiento_original_en": "Reverse",
        "fuente": "ATA (Veloza et al., 2012) vía GEM GAF-DB",
        "fuente_url": "https://github.com/GEMScienceTools/gem-global-active-faults/blob/850fd05b48841eb806d61a37043b5567f5bb99dd/geojson/gem_active_faults_harmonized.geojson",
        "licencia": "CC BY-SA 4.0",
        "descripcion": "Traza regional incorporada por GEM GAF-DB desde el catálogo Active Tectonics of the Andes. Revise la clasificación original y los metadatos disponibles antes de usarla a escala local.",
        "descripcion_en": "Regional trace incorporated into GEM GAF-DB from the Active Tectonics of the Andes catalog. Review the original classification and available metadata before using it at local scale."
      },
      "geometry": {
        "type": "LineString",
        "coordinates": [
          [
            -77.968240747,
            -4.37586030699993
          ],
          [
            -77.9196097189999,
            -4.32150798099997
          ],
          [
            -77.911027772,
            -4.2356885199999
          ],
          [
            -77.896724529,
            -4.12126257099993
          ],
          [
            -77.873839339,
            -4.03258246099995
          ],
          [
            -77.87097869,
            -3.92959910699994
          ],
          [
            -77.856675447,
            -3.83233705
          ],
          [
            -77.836650906,
            -3.75223888599993
          ],
          [
            -77.8280689599999,
            -3.65497682899996
          ],
          [
            -77.839511554,
            -3.57487866499997
          ],
          [
            -77.850954149,
            -3.49191985199997
          ],
          [
            -77.882421285,
            -3.40610039099994
          ],
          [
            -77.896724529,
            -3.32600222599996
          ],
          [
            -77.882421285,
            -3.25448600799996
          ],
          [
            -77.908167124,
            -3.20299433099996
          ],
          [
            -77.928191665,
            -3.08856838299994
          ],
          [
            -77.9396342599999,
            -3.01133086699997
          ],
          [
            -77.936773611,
            -2.94553594599995
          ],
          [
            -77.896724529,
            -2.8711590799999
          ],
          [
            -77.902445826,
            -2.76817572599992
          ],
          [
            -77.891003231,
            -2.68235626399996
          ],
          [
            -77.905306475,
            -2.63658588499993
          ],
          [
            -77.928191665,
            -2.59653680199995
          ],
          [
            -77.902445826,
            -2.53932382799997
          ],
          [
            -77.9196097189999,
            -2.46780761
          ],
          [
            -77.942494908,
            -2.40773398699997
          ],
          [
            -77.933912962,
            -2.34193906599995
          ],
          [
            -77.928191665,
            -2.3104719299999
          ]
        ]
      }
    },
    {
      "type": "Feature",
      "id": "ATA_118",
      "properties": {
        "catalog_id": "ATA_118",
        "catalog_name": "Active Tectonics of the Andes",
        "slip_type": "Dextral",
        "nombre": "Traza sin nombre (ATA_118)",
        "nombre_en": "Unnamed trace (ATA_118)",
        "provincia": "Carchi",
        "provincia_en": "Carchi",
        "tipo_movimiento": "dextral",
        "movimiento_original": "Dextral",
        "movimiento_original_en": "Dextral",
        "fuente": "ATA (Veloza et al., 2012) vía GEM GAF-DB",
        "fuente_url": "https://github.com/GEMScienceTools/gem-global-active-faults/blob/850fd05b48841eb806d61a37043b5567f5bb99dd/geojson/gem_active_faults_harmonized.geojson",
        "licencia": "CC BY-SA 4.0",
        "descripcion": "Traza regional incorporada por GEM GAF-DB desde el catálogo Active Tectonics of the Andes. Revise la clasificación original y los metadatos disponibles antes de usarla a escala local.",
        "descripcion_en": "Regional trace incorporated into GEM GAF-DB from the Active Tectonics of the Andes catalog. Review the original classification and available metadata before using it at local scale."
      },
      "geometry": {
        "type": "LineString",
        "coordinates": [
          [
            -78.20662814,
            0.794108899000037
          ],
          [
            -78.137019021,
            0.820808287000034
          ],
          [
            -78.041664064,
            0.900906451000026
          ],
          [
            -77.969194296,
            0.984818813000061
          ],
          [
            -77.904352925,
            1.07254537400007
          ],
          [
            -77.835697356,
            1.13738674500007
          ]
        ]
      }
    },
    {
      "type": "Feature",
      "id": "ATA_119",
      "properties": {
        "catalog_id": "ATA_119",
        "catalog_name": "Active Tectonics of the Andes",
        "name": "ESMERALDAS FAULT SYSTEM",
        "slip_type": "Reverse",
        "reference": "Eguez et al., 2003_USGS",
        "nombre": "Esmeraldas Fault System",
        "nombre_en": "Esmeraldas Fault System",
        "provincia": "Esmeraldas",
        "provincia_en": "Esmeraldas",
        "tipo_movimiento": "inversa",
        "movimiento_original": "Reverse",
        "movimiento_original_en": "Reverse",
        "fuente": "ATA (Veloza et al., 2012) vía GEM GAF-DB",
        "fuente_url": "https://github.com/GEMScienceTools/gem-global-active-faults/blob/850fd05b48841eb806d61a37043b5567f5bb99dd/geojson/gem_active_faults_harmonized.geojson",
        "licencia": "CC BY-SA 4.0",
        "descripcion": "Traza regional incorporada por GEM GAF-DB desde el catálogo Active Tectonics of the Andes. Revise la clasificación original y los metadatos disponibles antes de usarla a escala local.",
        "descripcion_en": "Regional trace incorporated into GEM GAF-DB from the Active Tectonics of the Andes catalog. Review the original classification and available metadata before using it at local scale."
      },
      "geometry": {
        "type": "LineString",
        "coordinates": [
          [
            -79.638960964,
            0.925190515000054
          ],
          [
            -79.6013543139999,
            0.833263148000071
          ],
          [
            -79.55539063,
            0.753871331000028
          ],
          [
            -79.51778398,
            0.712086164000027
          ]
        ]
      }
    },
    {
      "type": "Feature",
      "id": "ATA_120",
      "properties": {
        "catalog_id": "ATA_120",
        "catalog_name": "Active Tectonics of the Andes",
        "name": "ESMERALDAS FAULT SYSTEM",
        "slip_type": "Reverse",
        "reference": "Eguez et al., 2003_USGS",
        "nombre": "Esmeraldas Fault System",
        "nombre_en": "Esmeraldas Fault System",
        "provincia": "Esmeraldas",
        "provincia_en": "Esmeraldas",
        "tipo_movimiento": "inversa",
        "movimiento_original": "Reverse",
        "movimiento_original_en": "Reverse",
        "fuente": "ATA (Veloza et al., 2012) vía GEM GAF-DB",
        "fuente_url": "https://github.com/GEMScienceTools/gem-global-active-faults/blob/850fd05b48841eb806d61a37043b5567f5bb99dd/geojson/gem_active_faults_harmonized.geojson",
        "licencia": "CC BY-SA 4.0",
        "descripcion": "Traza regional incorporada por GEM GAF-DB desde el catálogo Active Tectonics of the Andes. Revise la clasificación original y los metadatos disponibles antes de usarla a escala local.",
        "descripcion_en": "Regional trace incorporated into GEM GAF-DB from the Active Tectonics of the Andes catalog. Review the original classification and available metadata before using it at local scale."
      },
      "geometry": {
        "type": "LineString",
        "coordinates": [
          [
            -79.5219624969999,
            0.770585398000037
          ],
          [
            -79.5052484299999,
            0.657765447000031
          ],
          [
            -79.459284746,
            0.540766980000058
          ],
          [
            -79.363178863,
            0.473910713000066
          ],
          [
            -79.321393696,
            0.448839613000075
          ]
        ]
      }
    },
    {
      "type": "Feature",
      "id": "ATA_122",
      "properties": {
        "catalog_id": "ATA_122",
        "catalog_name": "Active Tectonics of the Andes",
        "name": "BUGA_FAULT",
        "slip_type": "Reverse",
        "reference": "Eguez et al., 2003_USGS",
        "nombre": "Buga Fault",
        "nombre_en": "Buga Fault",
        "provincia": "Esmeraldas",
        "provincia_en": "Esmeraldas",
        "tipo_movimiento": "inversa",
        "movimiento_original": "Reverse",
        "movimiento_original_en": "Reverse",
        "fuente": "ATA (Veloza et al., 2012) vía GEM GAF-DB",
        "fuente_url": "https://github.com/GEMScienceTools/gem-global-active-faults/blob/850fd05b48841eb806d61a37043b5567f5bb99dd/geojson/gem_active_faults_harmonized.geojson",
        "licencia": "CC BY-SA 4.0",
        "descripcion": "Traza regional incorporada por GEM GAF-DB desde el catálogo Active Tectonics of the Andes. Revise la clasificación original y los metadatos disponibles antes de usarla a escala local.",
        "descripcion_en": "Regional trace incorporated into GEM GAF-DB from the Active Tectonics of the Andes catalog. Review the original classification and available metadata before using it at local scale."
      },
      "geometry": {
        "type": "LineString",
        "coordinates": [
          [
            -79.678764606,
            0.572379909000063
          ],
          [
            -79.664485333,
            0.606293183000048
          ],
          [
            -79.641281514,
            0.658055549000039
          ],
          [
            -79.6287871499999,
            0.713387733000047
          ],
          [
            -79.630572059,
            0.781214281000075
          ]
        ]
      }
    },
    {
      "type": "Feature",
      "id": "ATA_123",
      "properties": {
        "catalog_id": "ATA_123",
        "catalog_name": "Active Tectonics of the Andes",
        "name": "CANAVERAL_FAULT",
        "slip_type": "Reverse",
        "reference": "Eguez et al., 2003_USGS",
        "nombre": "Canaveral Fault",
        "nombre_en": "Canaveral Fault",
        "provincia": "Esmeraldas, Manabí",
        "provincia_en": "Esmeraldas, Manabí",
        "tipo_movimiento": "inversa",
        "movimiento_original": "Reverse",
        "movimiento_original_en": "Reverse",
        "fuente": "ATA (Veloza et al., 2012) vía GEM GAF-DB",
        "fuente_url": "https://github.com/GEMScienceTools/gem-global-active-faults/blob/850fd05b48841eb806d61a37043b5567f5bb99dd/geojson/gem_active_faults_harmonized.geojson",
        "licencia": "CC BY-SA 4.0",
        "descripcion": "Traza regional incorporada por GEM GAF-DB desde el catálogo Active Tectonics of the Andes. Revise la clasificación original y los metadatos disponibles antes de usarla a escala local.",
        "descripcion_en": "Regional trace incorporated into GEM GAF-DB from the Active Tectonics of the Andes catalog. Review the original classification and available metadata before using it at local scale."
      },
      "geometry": {
        "type": "LineString",
        "coordinates": [
          [
            -79.7644402449999,
            0.158280985000033
          ],
          [
            -79.719817516,
            0.199333896000041
          ],
          [
            -79.6894740609999,
            0.260020807000046
          ],
          [
            -79.6751947879999,
            0.313568082000074
          ]
        ]
      }
    },
    {
      "type": "Feature",
      "id": "ATA_124",
      "properties": {
        "catalog_id": "ATA_124",
        "catalog_name": "Active Tectonics of the Andes",
        "name": "CANAVERAL_FAULT",
        "slip_type": "Reverse",
        "reference": "Eguez et al., 2003_USGS",
        "nombre": "Canaveral Fault",
        "nombre_en": "Canaveral Fault",
        "provincia": "Esmeraldas, Manabí",
        "provincia_en": "Esmeraldas, Manabí",
        "tipo_movimiento": "inversa",
        "movimiento_original": "Reverse",
        "movimiento_original_en": "Reverse",
        "fuente": "ATA (Veloza et al., 2012) vía GEM GAF-DB",
        "fuente_url": "https://github.com/GEMScienceTools/gem-global-active-faults/blob/850fd05b48841eb806d61a37043b5567f5bb99dd/geojson/gem_active_faults_harmonized.geojson",
        "licencia": "CC BY-SA 4.0",
        "descripcion": "Traza regional incorporada por GEM GAF-DB desde el catálogo Active Tectonics of the Andes. Revise la clasificación original y los metadatos disponibles antes de usarla a escala local.",
        "descripcion_en": "Regional trace incorporated into GEM GAF-DB from the Active Tectonics of the Andes catalog. Review the original classification and available metadata before using it at local scale."
      },
      "geometry": {
        "type": "LineString",
        "coordinates": [
          [
            -79.7269571529999,
            0.261805716000026
          ],
          [
            -79.69125897,
            0.301073718000055
          ],
          [
            -79.6573456959999,
            0.367115357000046
          ],
          [
            -79.6341418769999,
            0.445651359000067
          ]
        ]
      }
    },
    {
      "type": "Feature",
      "id": "ATA_126",
      "properties": {
        "catalog_id": "ATA_126",
        "catalog_name": "Active Tectonics of the Andes",
        "name": "MACHE_FAULT",
        "slip_type": "Reverse",
        "reference": "Eguez et al., 2003_USGS",
        "nombre": "Mache Fault",
        "nombre_en": "Mache Fault",
        "provincia": "Esmeraldas",
        "provincia_en": "Esmeraldas",
        "tipo_movimiento": "inversa",
        "movimiento_original": "Reverse",
        "movimiento_original_en": "Reverse",
        "fuente": "ATA (Veloza et al., 2012) vía GEM GAF-DB",
        "fuente_url": "https://github.com/GEMScienceTools/gem-global-active-faults/blob/850fd05b48841eb806d61a37043b5567f5bb99dd/geojson/gem_active_faults_harmonized.geojson",
        "licencia": "CC BY-SA 4.0",
        "descripcion": "Traza regional incorporada por GEM GAF-DB desde el catálogo Active Tectonics of the Andes. Revise la clasificación original y los metadatos disponibles antes de usarla a escala local.",
        "descripcion_en": "Regional trace incorporated into GEM GAF-DB from the Active Tectonics of the Andes catalog. Review the original classification and available metadata before using it at local scale."
      },
      "geometry": {
        "type": "LineString",
        "coordinates": [
          [
            -79.866180067,
            0.408168267000065
          ],
          [
            -79.8019233379999,
            0.44386645000003
          ],
          [
            -79.751945881,
            0.474209906000056
          ],
          [
            -79.705538243,
            0.502768452000055
          ]
        ]
      }
    },
    {
      "type": "Feature",
      "id": "ATA_127",
      "properties": {
        "catalog_id": "ATA_127",
        "catalog_name": "Active Tectonics of the Andes",
        "name": "CANAVERAL_FAULT",
        "slip_type": "Dextral",
        "reference": "Eguez et al., 2003_USGS",
        "nombre": "Canaveral Fault",
        "nombre_en": "Canaveral Fault",
        "provincia": "Manabí",
        "provincia_en": "Manabí",
        "tipo_movimiento": "dextral",
        "movimiento_original": "Dextral",
        "movimiento_original_en": "Dextral",
        "fuente": "ATA (Veloza et al., 2012) vía GEM GAF-DB",
        "fuente_url": "https://github.com/GEMScienceTools/gem-global-active-faults/blob/850fd05b48841eb806d61a37043b5567f5bb99dd/geojson/gem_active_faults_harmonized.geojson",
        "licencia": "CC BY-SA 4.0",
        "descripcion": "Traza regional incorporada por GEM GAF-DB desde el catálogo Active Tectonics of the Andes. Revise la clasificación original y los metadatos disponibles antes de usarla a escala local.",
        "descripcion_en": "Regional trace incorporated into GEM GAF-DB from the Active Tectonics of the Andes catalog. Review the original classification and available metadata before using it at local scale."
      },
      "geometry": {
        "type": "LineString",
        "coordinates": [
          [
            -80.014327527,
            -0.05412320399995
          ],
          [
            -79.958995343,
            -0.023779748999971
          ],
          [
            -79.8911687949999,
            0.019058071000075
          ],
          [
            -79.826912066,
            0.058326072000057
          ],
          [
            -79.780504428,
            0.104733711000051
          ],
          [
            -79.751945881,
            0.14757153000005
          ]
        ]
      }
    },
    {
      "type": "Feature",
      "id": "ATA_128",
      "properties": {
        "catalog_id": "ATA_128",
        "catalog_name": "Active Tectonics of the Andes",
        "name": "QUININDE_FAULT",
        "slip_type": "Reverse",
        "reference": "Eguez et al., 2003_USGS",
        "nombre": "Quininde Fault",
        "nombre_en": "Quininde Fault",
        "provincia": "Esmeraldas, Manabí, Santo Domingo de los Tsáchilas",
        "provincia_en": "Esmeraldas, Manabí, Santo Domingo de los Tsáchilas",
        "tipo_movimiento": "inversa",
        "movimiento_original": "Reverse",
        "movimiento_original_en": "Reverse",
        "fuente": "ATA (Veloza et al., 2012) vía GEM GAF-DB",
        "fuente_url": "https://github.com/GEMScienceTools/gem-global-active-faults/blob/850fd05b48841eb806d61a37043b5567f5bb99dd/geojson/gem_active_faults_harmonized.geojson",
        "licencia": "CC BY-SA 4.0",
        "descripcion": "Traza regional incorporada por GEM GAF-DB desde el catálogo Active Tectonics of the Andes. Revise la clasificación original y los metadatos disponibles antes de usarla a escala local.",
        "descripcion_en": "Regional trace incorporated into GEM GAF-DB from the Active Tectonics of the Andes catalog. Review the original classification and available metadata before using it at local scale."
      },
      "geometry": {
        "type": "LineString",
        "coordinates": [
          [
            -79.668055151,
            -0.14515357099998
          ],
          [
            -79.62700224,
            -0.113025206999964
          ],
          [
            -79.580594602,
            -0.059477931999936
          ],
          [
            -79.54311151,
            0.011918434000052
          ],
          [
            -79.527047328,
            0.077960073000042
          ],
          [
            -79.510983145,
            0.140431894000073
          ],
          [
            -79.491349144,
            0.197548987000062
          ],
          [
            -79.4645755069999,
            0.251096261000043
          ],
          [
            -79.444941506,
            0.309998264000058
          ]
        ]
      }
    },
    {
      "type": "Feature",
      "id": "ATA_129",
      "properties": {
        "catalog_id": "ATA_129",
        "catalog_name": "Active Tectonics of the Andes",
        "name": "QUININDE_FAULT",
        "slip_type": "Reverse",
        "reference": "Eguez et al., 2003_USGS",
        "nombre": "Quininde Fault",
        "nombre_en": "Quininde Fault",
        "provincia": "Manabí",
        "provincia_en": "Manabí",
        "tipo_movimiento": "inversa",
        "movimiento_original": "Reverse",
        "movimiento_original_en": "Reverse",
        "fuente": "ATA (Veloza et al., 2012) vía GEM GAF-DB",
        "fuente_url": "https://github.com/GEMScienceTools/gem-global-active-faults/blob/850fd05b48841eb806d61a37043b5567f5bb99dd/geojson/gem_active_faults_harmonized.geojson",
        "licencia": "CC BY-SA 4.0",
        "descripcion": "Traza regional incorporada por GEM GAF-DB desde el catálogo Active Tectonics of the Andes. Revise la clasificación original y los metadatos disponibles antes de usarla a escala local.",
        "descripcion_en": "Regional trace incorporated into GEM GAF-DB from the Active Tectonics of the Andes catalog. Review the original classification and available metadata before using it at local scale."
      },
      "geometry": {
        "type": "LineString",
        "coordinates": [
          [
            -79.69125897,
            -0.353987942999936
          ],
          [
            -79.664485333,
            -0.298655758999928
          ],
          [
            -79.641281514,
            -0.236183937999954
          ],
          [
            -79.6287871499999,
            -0.152293207999946
          ],
          [
            -79.6287871499999,
            -0.116595024999924
          ]
        ]
      }
    },
    {
      "type": "Feature",
      "id": "ATA_130",
      "properties": {
        "catalog_id": "ATA_130",
        "catalog_name": "Active Tectonics of the Andes",
        "name": "TANDAPI_FAULT",
        "slip_type": "Sinistral",
        "reference": "Eguez et al., 2003",
        "nombre": "Tandapi Fault",
        "nombre_en": "Tandapi Fault",
        "provincia": "Pichincha, Santo Domingo de los Tsáchilas",
        "provincia_en": "Pichincha, Santo Domingo de los Tsáchilas",
        "tipo_movimiento": "sinestral",
        "movimiento_original": "Sinistral",
        "movimiento_original_en": "Sinistral",
        "fuente": "ATA (Veloza et al., 2012) vía GEM GAF-DB",
        "fuente_url": "https://github.com/GEMScienceTools/gem-global-active-faults/blob/850fd05b48841eb806d61a37043b5567f5bb99dd/geojson/gem_active_faults_harmonized.geojson",
        "licencia": "CC BY-SA 4.0",
        "descripcion": "Traza regional incorporada por GEM GAF-DB desde el catálogo Active Tectonics of the Andes. Revise la clasificación original y los metadatos disponibles antes de usarla a escala local.",
        "descripcion_en": "Regional trace incorporated into GEM GAF-DB from the Active Tectonics of the Andes catalog. Review the original classification and available metadata before using it at local scale."
      },
      "geometry": {
        "type": "LineString",
        "coordinates": [
          [
            -78.863061121,
            -0.330784123999933
          ],
          [
            -78.830932757,
            -0.375406851999969
          ],
          [
            -78.7809553,
            -0.434308854999927
          ],
          [
            -78.7720307549999,
            -0.44144849099996
          ]
        ]
      }
    },
    {
      "type": "Feature",
      "id": "ATA_131",
      "properties": {
        "catalog_id": "ATA_131",
        "catalog_name": "Active Tectonics of the Andes",
        "name": "EL_CINTO_FAULT",
        "slip_type": "Sinistral",
        "reference": "Eguez et al., 2003",
        "nombre": "El Cinto Fault",
        "nombre_en": "El Cinto Fault",
        "provincia": "Pichincha",
        "provincia_en": "Pichincha",
        "tipo_movimiento": "sinestral",
        "movimiento_original": "Sinistral",
        "movimiento_original_en": "Sinistral",
        "fuente": "ATA (Veloza et al., 2012) vía GEM GAF-DB",
        "fuente_url": "https://github.com/GEMScienceTools/gem-global-active-faults/blob/850fd05b48841eb806d61a37043b5567f5bb99dd/geojson/gem_active_faults_harmonized.geojson",
        "licencia": "CC BY-SA 4.0",
        "descripcion": "Traza regional incorporada por GEM GAF-DB desde el catálogo Active Tectonics of the Andes. Revise la clasificación original y los metadatos disponibles antes de usarla a escala local.",
        "descripcion_en": "Regional trace incorporated into GEM GAF-DB from the Active Tectonics of the Andes catalog. Review the original classification and available metadata before using it at local scale."
      },
      "geometry": {
        "type": "LineString",
        "coordinates": [
          [
            -78.7309778439999,
            -0.1487233899999
          ],
          [
            -78.7077740249999,
            -0.179066844999966
          ],
          [
            -78.67564566,
            -0.204055572999948
          ],
          [
            -78.663151296,
            -0.230829210999957
          ]
        ]
      }
    },
    {
      "type": "Feature",
      "id": "ATA_132",
      "properties": {
        "catalog_id": "ATA_132",
        "catalog_name": "Active Tectonics of the Andes",
        "name": "EL_CINTO_FAULT",
        "slip_type": "Sinistral",
        "reference": "Eguez et al., 2003",
        "nombre": "El Cinto Fault",
        "nombre_en": "El Cinto Fault",
        "provincia": "Pichincha",
        "provincia_en": "Pichincha",
        "tipo_movimiento": "sinestral",
        "movimiento_original": "Sinistral",
        "movimiento_original_en": "Sinistral",
        "fuente": "ATA (Veloza et al., 2012) vía GEM GAF-DB",
        "fuente_url": "https://github.com/GEMScienceTools/gem-global-active-faults/blob/850fd05b48841eb806d61a37043b5567f5bb99dd/geojson/gem_active_faults_harmonized.geojson",
        "licencia": "CC BY-SA 4.0",
        "descripcion": "Traza regional incorporada por GEM GAF-DB desde el catálogo Active Tectonics of the Andes. Revise la clasificación original y los metadatos disponibles antes de usarla a escala local.",
        "descripcion_en": "Regional trace incorporated into GEM GAF-DB from the Active Tectonics of the Andes catalog. Review the original classification and available metadata before using it at local scale."
      },
      "geometry": {
        "type": "LineString",
        "coordinates": [
          [
            -78.634592749,
            -0.261172665999936
          ],
          [
            -78.614958749,
            -0.279021757999942
          ],
          [
            -78.584615293,
            -0.305795394999961
          ]
        ]
      }
    },
    {
      "type": "Feature",
      "id": "ATA_133",
      "properties": {
        "catalog_id": "ATA_133",
        "catalog_name": "Active Tectonics of the Andes",
        "name": "PAPALLACTA_FAULT",
        "slip_type": "Dextral",
        "reference": "Eguez et al., 2003",
        "nombre": "Papallacta Fault",
        "nombre_en": "Papallacta Fault",
        "provincia": "Napo",
        "provincia_en": "Napo",
        "tipo_movimiento": "dextral",
        "movimiento_original": "Dextral",
        "movimiento_original_en": "Dextral",
        "fuente": "ATA (Veloza et al., 2012) vía GEM GAF-DB",
        "fuente_url": "https://github.com/GEMScienceTools/gem-global-active-faults/blob/850fd05b48841eb806d61a37043b5567f5bb99dd/geojson/gem_active_faults_harmonized.geojson",
        "licencia": "CC BY-SA 4.0",
        "descripcion": "Traza regional incorporada por GEM GAF-DB desde el catálogo Active Tectonics of the Andes. Revise la clasificación original y los metadatos disponibles antes de usarla a escala local.",
        "descripcion_en": "Regional trace incorporated into GEM GAF-DB from the Active Tectonics of the Andes catalog. Review the original classification and available metadata before using it at local scale."
      },
      "geometry": {
        "type": "LineString",
        "coordinates": [
          [
            -78.2204938249999,
            -0.384331397999972
          ],
          [
            -78.181225824,
            -0.368267215999936
          ],
          [
            -78.154452186,
            -0.35041812399993
          ],
          [
            -78.140172913,
            -0.314719940999964
          ],
          [
            -78.138388004,
            -0.279021757999942
          ],
          [
            -78.1223238219999,
            -0.266527393999979
          ]
        ]
      }
    },
    {
      "type": "Feature",
      "id": "ATA_134",
      "properties": {
        "catalog_id": "ATA_134",
        "catalog_name": "Active Tectonics of the Andes",
        "name": "CHUNGCHILAN-SIGCHOS_FAULT",
        "slip_type": "Reverse",
        "reference": "Eguez et al., 2003",
        "nombre": "Chungchilan-Sigchos Fault",
        "nombre_en": "Chungchilan-Sigchos Fault",
        "provincia": "Cotopaxi",
        "provincia_en": "Cotopaxi",
        "tipo_movimiento": "inversa",
        "movimiento_original": "Reverse",
        "movimiento_original_en": "Reverse",
        "fuente": "ATA (Veloza et al., 2012) vía GEM GAF-DB",
        "fuente_url": "https://github.com/GEMScienceTools/gem-global-active-faults/blob/850fd05b48841eb806d61a37043b5567f5bb99dd/geojson/gem_active_faults_harmonized.geojson",
        "licencia": "CC BY-SA 4.0",
        "descripcion": "Traza regional incorporada por GEM GAF-DB desde el catálogo Active Tectonics of the Andes. Revise la clasificación original y los metadatos disponibles antes de usarla a escala local.",
        "descripcion_en": "Regional trace incorporated into GEM GAF-DB from the Active Tectonics of the Andes catalog. Review the original classification and available metadata before using it at local scale."
      },
      "geometry": {
        "type": "LineString",
        "coordinates": [
          [
            -78.9880047619999,
            -0.880536143999961
          ],
          [
            -78.939812215,
            -0.834128505999956
          ],
          [
            -78.90768385,
            -0.773441593999962
          ],
          [
            -78.886264941,
            -0.727033955999957
          ],
          [
            -78.877340395,
            -0.677056499999935
          ],
          [
            -78.8755554859999,
            -0.62707904399997
          ]
        ]
      }
    },
    {
      "type": "Feature",
      "id": "ATA_135",
      "properties": {
        "catalog_id": "ATA_135",
        "catalog_name": "Active Tectonics of the Andes",
        "name": "PACAYACU_FAULT",
        "slip_type": "Reverse",
        "reference": "Eguez et al., 2003",
        "nombre": "Pacayacu Fault",
        "nombre_en": "Pacayacu Fault",
        "provincia": "Cotopaxi",
        "provincia_en": "Cotopaxi",
        "tipo_movimiento": "inversa",
        "movimiento_original": "Reverse",
        "movimiento_original_en": "Reverse",
        "fuente": "ATA (Veloza et al., 2012) vía GEM GAF-DB",
        "fuente_url": "https://github.com/GEMScienceTools/gem-global-active-faults/blob/850fd05b48841eb806d61a37043b5567f5bb99dd/geojson/gem_active_faults_harmonized.geojson",
        "licencia": "CC BY-SA 4.0",
        "descripcion": "Traza regional incorporada por GEM GAF-DB desde el catálogo Active Tectonics of the Andes. Revise la clasificación original y los metadatos disponibles antes de usarla a escala local.",
        "descripcion_en": "Regional trace incorporated into GEM GAF-DB from the Active Tectonics of the Andes catalog. Review the original classification and available metadata before using it at local scale."
      },
      "geometry": {
        "type": "LineString",
        "coordinates": [
          [
            -79.102238948,
            -0.725249046999977
          ],
          [
            -79.1236578579999,
            -0.746667956999943
          ],
          [
            -79.14150695,
            -0.789505776999931
          ],
          [
            -79.143291859,
            -0.83055868699995
          ],
          [
            -79.145076768,
            -0.848407778999956
          ]
        ]
      }
    },
    {
      "type": "Feature",
      "id": "ATA_136",
      "properties": {
        "catalog_id": "ATA_136",
        "catalog_name": "Active Tectonics of the Andes",
        "slip_type": "Reverse",
        "reference": "Eguez et al., 2003",
        "nombre": "Traza sin nombre (ATA_136)",
        "nombre_en": "Unnamed trace (ATA_136)",
        "provincia": "Cotopaxi",
        "provincia_en": "Cotopaxi",
        "tipo_movimiento": "inversa",
        "movimiento_original": "Reverse",
        "movimiento_original_en": "Reverse",
        "fuente": "ATA (Veloza et al., 2012) vía GEM GAF-DB",
        "fuente_url": "https://github.com/GEMScienceTools/gem-global-active-faults/blob/850fd05b48841eb806d61a37043b5567f5bb99dd/geojson/gem_active_faults_harmonized.geojson",
        "licencia": "CC BY-SA 4.0",
        "descripcion": "Traza regional incorporada por GEM GAF-DB desde el catálogo Active Tectonics of the Andes. Revise la clasificación original y los metadatos disponibles antes de usarla a escala local.",
        "descripcion_en": "Regional trace incorporated into GEM GAF-DB from the Active Tectonics of the Andes catalog. Review the original classification and available metadata before using it at local scale."
      },
      "geometry": {
        "type": "LineString",
        "coordinates": [
          [
            -79.127227677,
            -0.868041779999942
          ],
          [
            -79.1468616769999,
            -0.898385234999978
          ],
          [
            -79.1700654959999,
            -0.92158905399998
          ],
          [
            -79.177205133,
            -0.953717418999929
          ],
          [
            -79.157571132,
            -1.00904960299994
          ],
          [
            -79.159356041,
            -1.03760814899994
          ]
        ]
      }
    },
    {
      "type": "Feature",
      "id": "ATA_137",
      "properties": {
        "catalog_id": "ATA_137",
        "catalog_name": "Active Tectonics of the Andes",
        "name": "VALENCIA-LA_MANA_FAULT",
        "slip_type": "Reverse",
        "reference": "Eguez et al., 2003",
        "nombre": "Valencia-La Mana Fault",
        "nombre_en": "Valencia-La Mana Fault",
        "provincia": "Cotopaxi, Los Ríos",
        "provincia_en": "Cotopaxi, Los Ríos",
        "tipo_movimiento": "inversa",
        "movimiento_original": "Reverse",
        "movimiento_original_en": "Reverse",
        "fuente": "ATA (Veloza et al., 2012) vía GEM GAF-DB",
        "fuente_url": "https://github.com/GEMScienceTools/gem-global-active-faults/blob/850fd05b48841eb806d61a37043b5567f5bb99dd/geojson/gem_active_faults_harmonized.geojson",
        "licencia": "CC BY-SA 4.0",
        "descripcion": "Traza regional incorporada por GEM GAF-DB desde el catálogo Active Tectonics of the Andes. Revise la clasificación original y los metadatos disponibles antes de usarla a escala local.",
        "descripcion_en": "Regional trace incorporated into GEM GAF-DB from the Active Tectonics of the Andes catalog. Review the original classification and available metadata before using it at local scale."
      },
      "geometry": {
        "type": "LineString",
        "coordinates": [
          [
            -79.2771600459999,
            -0.966211782999949
          ],
          [
            -79.314643138,
            -0.996555238999974
          ],
          [
            -79.327137502,
            -1.04831760399998
          ],
          [
            -79.328922411,
            -1.09472524199992
          ],
          [
            -79.318212956,
            -1.12328378899997
          ]
        ]
      }
    },
    {
      "type": "Feature",
      "id": "ATA_139",
      "properties": {
        "catalog_id": "ATA_139",
        "catalog_name": "Active Tectonics of the Andes",
        "name": "BILLECOCHA-HUYRAPUNGO_FAULT",
        "slip_type": "Dextral",
        "nombre": "Billecocha-Huyrapungo Fault",
        "nombre_en": "Billecocha-Huyrapungo Fault",
        "provincia": "Imbabura",
        "provincia_en": "Imbabura",
        "tipo_movimiento": "dextral",
        "movimiento_original": "Dextral",
        "movimiento_original_en": "Dextral",
        "fuente": "ATA (Veloza et al., 2012) vía GEM GAF-DB",
        "fuente_url": "https://github.com/GEMScienceTools/gem-global-active-faults/blob/850fd05b48841eb806d61a37043b5567f5bb99dd/geojson/gem_active_faults_harmonized.geojson",
        "licencia": "CC BY-SA 4.0",
        "descripcion": "Traza regional incorporada por GEM GAF-DB desde el catálogo Active Tectonics of the Andes. Revise la clasificación original y los metadatos disponibles antes de usarla a escala local.",
        "descripcion_en": "Regional trace incorporated into GEM GAF-DB from the Active Tectonics of the Andes catalog. Review the original classification and available metadata before using it at local scale."
      },
      "geometry": {
        "type": "LineString",
        "coordinates": [
          [
            -78.478975114,
            0.254533864000052
          ],
          [
            -78.4486316589999,
            0.286662229000058
          ],
          [
            -78.425427839,
            0.322360412000023
          ],
          [
            -78.395084384,
            0.358058595000045
          ]
        ]
      }
    },
    {
      "type": "Feature",
      "id": "ATA_140",
      "properties": {
        "catalog_id": "ATA_140",
        "catalog_name": "Active Tectonics of the Andes",
        "name": "NANEGALITO_FAULT",
        "slip_type": "Dextral",
        "nombre": "Nanegalito Fault",
        "nombre_en": "Nanegalito Fault",
        "provincia": "Imbabura, Pichincha",
        "provincia_en": "Imbabura, Pichincha",
        "tipo_movimiento": "dextral",
        "movimiento_original": "Dextral",
        "movimiento_original_en": "Dextral",
        "fuente": "ATA (Veloza et al., 2012) vía GEM GAF-DB",
        "fuente_url": "https://github.com/GEMScienceTools/gem-global-active-faults/blob/850fd05b48841eb806d61a37043b5567f5bb99dd/geojson/gem_active_faults_harmonized.geojson",
        "licencia": "CC BY-SA 4.0",
        "descripcion": "Traza regional incorporada por GEM GAF-DB desde el catálogo Active Tectonics of the Andes. Revise la clasificación original y los metadatos disponibles antes de usarla a escala local.",
        "descripcion_en": "Regional trace incorporated into GEM GAF-DB from the Active Tectonics of the Andes catalog. Review the original classification and available metadata before using it at local scale."
      },
      "geometry": {
        "type": "LineString",
        "coordinates": [
          [
            -78.755636033,
            -0.020342145999962
          ],
          [
            -78.727077487,
            0.022495674000027
          ],
          [
            -78.686024576,
            0.065333494000072
          ],
          [
            -78.630692392,
            0.12602040500002
          ],
          [
            -78.584284754,
            0.186707316000025
          ],
          [
            -78.5432318439999,
            0.259888592000038
          ],
          [
            -78.518243116,
            0.292016956000055
          ]
        ]
      }
    },
    {
      "type": "Feature",
      "id": "ATA_141",
      "properties": {
        "catalog_id": "ATA_141",
        "catalog_name": "Active Tectonics of the Andes",
        "name": "OTAVALO_FAULT",
        "slip_type": "Dextral",
        "nombre": "Otavalo Fault",
        "nombre_en": "Otavalo Fault",
        "provincia": "Imbabura",
        "provincia_en": "Imbabura",
        "tipo_movimiento": "dextral",
        "movimiento_original": "Dextral",
        "movimiento_original_en": "Dextral",
        "fuente": "ATA (Veloza et al., 2012) vía GEM GAF-DB",
        "fuente_url": "https://github.com/GEMScienceTools/gem-global-active-faults/blob/850fd05b48841eb806d61a37043b5567f5bb99dd/geojson/gem_active_faults_harmonized.geojson",
        "licencia": "CC BY-SA 4.0",
        "descripcion": "Traza regional incorporada por GEM GAF-DB desde el catálogo Active Tectonics of the Andes. Revise la clasificación original y los metadatos disponibles antes de usarla a escala local.",
        "descripcion_en": "Regional trace incorporated into GEM GAF-DB from the Active Tectonics of the Andes catalog. Review the original classification and available metadata before using it at local scale."
      },
      "geometry": {
        "type": "LineString",
        "coordinates": [
          [
            -78.321903108,
            0.209911135000027
          ],
          [
            -78.2897747439999,
            0.247394228000076
          ],
          [
            -78.250506742,
            0.290232047000075
          ],
          [
            -78.225518014,
            0.320575503000043
          ],
          [
            -78.198744377,
            0.345564231000026
          ]
        ]
      }
    },
    {
      "type": "Feature",
      "id": "ATA_142",
      "properties": {
        "catalog_id": "ATA_142",
        "catalog_name": "Active Tectonics of the Andes",
        "name": "EL_ANGEL_FAULT",
        "slip_type": "Dextral",
        "nombre": "El Angel Fault",
        "nombre_en": "El Angel Fault",
        "provincia": "Carchi, Imbabura",
        "provincia_en": "Carchi, Imbabura",
        "tipo_movimiento": "dextral",
        "movimiento_original": "Dextral",
        "movimiento_original_en": "Dextral",
        "fuente": "ATA (Veloza et al., 2012) vía GEM GAF-DB",
        "fuente_url": "https://github.com/GEMScienceTools/gem-global-active-faults/blob/850fd05b48841eb806d61a37043b5567f5bb99dd/geojson/gem_active_faults_harmonized.geojson",
        "licencia": "CC BY-SA 4.0",
        "descripcion": "Traza regional incorporada por GEM GAF-DB desde el catálogo Active Tectonics of the Andes. Revise la clasificación original y los metadatos disponibles antes de usarla a escala local.",
        "descripcion_en": "Regional trace incorporated into GEM GAF-DB from the Active Tectonics of the Andes catalog. Review the original classification and available metadata before using it at local scale."
      },
      "geometry": {
        "type": "LineString",
        "coordinates": [
          [
            -78.1219932829999,
            0.490141873000027
          ],
          [
            -78.0845101909999,
            0.518700419000027
          ],
          [
            -78.052381826,
            0.559753330000035
          ],
          [
            -78.005974188,
            0.602591150000023
          ],
          [
            -77.966706186,
            0.648998788000029
          ],
          [
            -77.950642004,
            0.665062970000065
          ]
        ]
      }
    },
    {
      "type": "Feature",
      "id": "ATA_144",
      "properties": {
        "catalog_id": "ATA_144",
        "catalog_name": "Active Tectonics of the Andes",
        "name": "TENA-PASUNO FAULT SYSTEM",
        "slip_type": "Reverse",
        "nombre": "Tena-Pasuno Fault System",
        "nombre_en": "Tena-Pasuno Fault System",
        "provincia": "Napo",
        "provincia_en": "Napo",
        "tipo_movimiento": "inversa",
        "movimiento_original": "Reverse",
        "movimiento_original_en": "Reverse",
        "fuente": "ATA (Veloza et al., 2012) vía GEM GAF-DB",
        "fuente_url": "https://github.com/GEMScienceTools/gem-global-active-faults/blob/850fd05b48841eb806d61a37043b5567f5bb99dd/geojson/gem_active_faults_harmonized.geojson",
        "licencia": "CC BY-SA 4.0",
        "descripcion": "Traza regional incorporada por GEM GAF-DB desde el catálogo Active Tectonics of the Andes. Revise la clasificación original y los metadatos disponibles antes de usarla a escala local.",
        "descripcion_en": "Regional trace incorporated into GEM GAF-DB from the Active Tectonics of the Andes catalog. Review the original classification and available metadata before using it at local scale."
      },
      "geometry": {
        "type": "LineString",
        "coordinates": [
          [
            -78.016286996,
            -0.754336455999976
          ],
          [
            -77.982373722,
            -0.731132636999973
          ],
          [
            -77.9520302669999,
            -0.670445724999979
          ],
          [
            -77.932396266,
            -0.620468268999957
          ],
          [
            -77.90205281,
            -0.577630448999969
          ],
          [
            -77.889558446,
            -0.53479262899998
          ],
          [
            -77.885988628,
            -0.513373718999958
          ]
        ]
      }
    },
    {
      "type": "Feature",
      "id": "ATA_145",
      "properties": {
        "catalog_id": "ATA_145",
        "catalog_name": "Active Tectonics of the Andes",
        "name": "BAEZA-CHACO_FAULT",
        "slip_type": "Reverse",
        "nombre": "Baeza-Chaco Fault",
        "nombre_en": "Baeza-Chaco Fault",
        "provincia": "Napo",
        "provincia_en": "Napo",
        "tipo_movimiento": "inversa",
        "movimiento_original": "Reverse",
        "movimiento_original_en": "Reverse",
        "fuente": "ATA (Veloza et al., 2012) vía GEM GAF-DB",
        "fuente_url": "https://github.com/GEMScienceTools/gem-global-active-faults/blob/850fd05b48841eb806d61a37043b5567f5bb99dd/geojson/gem_active_faults_harmonized.geojson",
        "licencia": "CC BY-SA 4.0",
        "descripcion": "Traza regional incorporada por GEM GAF-DB desde el catálogo Active Tectonics of the Andes. Revise la clasificación original y los metadatos disponibles antes de usarla a escala local.",
        "descripcion_en": "Regional trace incorporated into GEM GAF-DB from the Active Tectonics of the Andes catalog. Review the original classification and available metadata before using it at local scale."
      },
      "geometry": {
        "type": "LineString",
        "coordinates": [
          [
            -78.032351179,
            -0.709713726999951
          ],
          [
            -77.991298268,
            -0.668660815999942
          ],
          [
            -77.964524631,
            -0.618683359999977
          ],
          [
            -77.918116993,
            -0.557996447999926
          ],
          [
            -77.884203719,
            -0.506234082999924
          ],
          [
            -77.846720626,
            -0.440192443999933
          ],
          [
            -77.81816208,
            -0.384860259999925
          ],
          [
            -77.803882807,
            -0.340237530999957
          ],
          [
            -77.791388443,
            -0.295614801999932
          ]
        ]
      }
    },
    {
      "type": "Feature",
      "id": "ATA_146",
      "properties": {
        "catalog_id": "ATA_146",
        "catalog_name": "Active Tectonics of the Andes",
        "name": "SUMACO_FAULT",
        "slip_type": "Reverse",
        "reference": "Eguez et al., 2003",
        "nombre": "Sumaco Fault",
        "nombre_en": "Sumaco Fault",
        "provincia": "Napo, Orellana",
        "provincia_en": "Napo, Orellana",
        "tipo_movimiento": "inversa",
        "movimiento_original": "Reverse",
        "movimiento_original_en": "Reverse",
        "fuente": "ATA (Veloza et al., 2012) vía GEM GAF-DB",
        "fuente_url": "https://github.com/GEMScienceTools/gem-global-active-faults/blob/850fd05b48841eb806d61a37043b5567f5bb99dd/geojson/gem_active_faults_harmonized.geojson",
        "licencia": "CC BY-SA 4.0",
        "descripcion": "Traza regional incorporada por GEM GAF-DB desde el catálogo Active Tectonics of the Andes. Revise la clasificación original y los metadatos disponibles antes de usarla a escala local.",
        "descripcion_en": "Regional trace incorporated into GEM GAF-DB from the Active Tectonics of the Andes catalog. Review the original classification and available metadata before using it at local scale."
      },
      "geometry": {
        "type": "LineString",
        "coordinates": [
          [
            -77.4754595219999,
            -0.627607904999934
          ],
          [
            -77.455825521,
            -0.568705902999966
          ],
          [
            -77.4379764299999,
            -0.499094445999958
          ],
          [
            -77.427266975,
            -0.429482988999951
          ],
          [
            -77.41655752,
            -0.370580986999926
          ],
          [
            -77.405848065,
            -0.311678984999958
          ],
          [
            -77.396923519,
            -0.279550619999952
          ]
        ]
      }
    },
    {
      "type": "Feature",
      "id": "ATA_147",
      "properties": {
        "catalog_id": "ATA_147",
        "catalog_name": "Active Tectonics of the Andes",
        "name": "HOLLIN_FAULT",
        "slip_type": "Reverse",
        "reference": "Eguez et al., 2003",
        "nombre": "Hollin Fault",
        "nombre_en": "Hollin Fault",
        "provincia": "Napo, Orellana",
        "provincia_en": "Napo, Orellana",
        "tipo_movimiento": "inversa",
        "movimiento_original": "Reverse",
        "movimiento_original_en": "Reverse",
        "fuente": "ATA (Veloza et al., 2012) vía GEM GAF-DB",
        "fuente_url": "https://github.com/GEMScienceTools/gem-global-active-faults/blob/850fd05b48841eb806d61a37043b5567f5bb99dd/geojson/gem_active_faults_harmonized.geojson",
        "licencia": "CC BY-SA 4.0",
        "descripcion": "Traza regional incorporada por GEM GAF-DB desde el catálogo Active Tectonics of the Andes. Revise la clasificación original y los metadatos disponibles antes de usarla a escala local.",
        "descripcion_en": "Regional trace incorporated into GEM GAF-DB from the Active Tectonics of the Andes catalog. Review the original classification and available metadata before using it at local scale."
      },
      "geometry": {
        "type": "LineString",
        "coordinates": [
          [
            -77.8163771709999,
            -0.747196818999953
          ],
          [
            -77.7610449869999,
            -0.709713726999951
          ],
          [
            -77.673584438,
            -0.668660815999942
          ],
          [
            -77.6200371639999,
            -0.636532450999937
          ],
          [
            -77.56470498,
            -0.602619176999951
          ]
        ]
      }
    },
    {
      "type": "Feature",
      "id": "ATA_148",
      "properties": {
        "catalog_id": "ATA_148",
        "catalog_name": "Active Tectonics of the Andes",
        "name": "TENA_FAULT",
        "slip_type": "Reverse",
        "reference": "Eguez et al., 2003",
        "nombre": "Tena Fault",
        "nombre_en": "Tena Fault",
        "provincia": "Napo",
        "provincia_en": "Napo",
        "tipo_movimiento": "inversa",
        "movimiento_original": "Reverse",
        "movimiento_original_en": "Reverse",
        "fuente": "ATA (Veloza et al., 2012) vía GEM GAF-DB",
        "fuente_url": "https://github.com/GEMScienceTools/gem-global-active-faults/blob/850fd05b48841eb806d61a37043b5567f5bb99dd/geojson/gem_active_faults_harmonized.geojson",
        "licencia": "CC BY-SA 4.0",
        "descripcion": "Traza regional incorporada por GEM GAF-DB desde el catálogo Active Tectonics of the Andes. Revise la clasificación original y los metadatos disponibles antes de usarla a escala local.",
        "descripcion_en": "Regional trace incorporated into GEM GAF-DB from the Active Tectonics of the Andes catalog. Review the original classification and available metadata before using it at local scale."
      },
      "geometry": {
        "type": "LineString",
        "coordinates": [
          [
            -77.903837719,
            -1.07562010399994
          ],
          [
            -77.898482992,
            -1.01493319199994
          ],
          [
            -77.889558446,
            -0.954246280999939
          ],
          [
            -77.875279173,
            -0.897129187999951
          ],
          [
            -77.8681395359999,
            -0.836442276999946
          ],
          [
            -77.8681395359999,
            -0.761476091999953
          ]
        ]
      }
    },
    {
      "type": "Feature",
      "id": "ATA_149",
      "properties": {
        "catalog_id": "ATA_149",
        "catalog_name": "Active Tectonics of the Andes",
        "name": "PUSUNO_FAULT",
        "slip_type": "Reverse",
        "reference": "Eguez et al., 2003",
        "nombre": "Pusuno Fault",
        "nombre_en": "Pusuno Fault",
        "provincia": "Napo",
        "provincia_en": "Napo",
        "tipo_movimiento": "inversa",
        "movimiento_original": "Reverse",
        "movimiento_original_en": "Reverse",
        "fuente": "ATA (Veloza et al., 2012) vía GEM GAF-DB",
        "fuente_url": "https://github.com/GEMScienceTools/gem-global-active-faults/blob/850fd05b48841eb806d61a37043b5567f5bb99dd/geojson/gem_active_faults_harmonized.geojson",
        "licencia": "CC BY-SA 4.0",
        "descripcion": "Traza regional incorporada por GEM GAF-DB desde el catálogo Active Tectonics of the Andes. Revise la clasificación original y los metadatos disponibles antes de usarla a escala local.",
        "descripcion_en": "Regional trace incorporated into GEM GAF-DB from the Active Tectonics of the Andes catalog. Review the original classification and available metadata before using it at local scale."
      },
      "geometry": {
        "type": "LineString",
        "coordinates": [
          [
            -77.721776985,
            -1.01850301099995
          ],
          [
            -77.6860788019999,
            -0.975665190999962
          ],
          [
            -77.650380619,
            -0.931042461999937
          ],
          [
            -77.616467345,
            -0.886419732999968
          ],
          [
            -77.593263526,
            -0.859646095999949
          ],
          [
            -77.570059707,
            -0.813238457999944
          ]
        ]
      }
    },
    {
      "type": "Feature",
      "id": "ATA_151",
      "properties": {
        "catalog_id": "ATA_151",
        "catalog_name": "Active Tectonics of the Andes",
        "name": "HUACAMAYOS_FAULT",
        "slip_type": "Reverse",
        "reference": "Eguez et al., 2003",
        "nombre": "Huacamayos Fault",
        "nombre_en": "Huacamayos Fault",
        "provincia": "Napo",
        "provincia_en": "Napo",
        "tipo_movimiento": "inversa",
        "movimiento_original": "Reverse",
        "movimiento_original_en": "Reverse",
        "fuente": "ATA (Veloza et al., 2012) vía GEM GAF-DB",
        "fuente_url": "https://github.com/GEMScienceTools/gem-global-active-faults/blob/850fd05b48841eb806d61a37043b5567f5bb99dd/geojson/gem_active_faults_harmonized.geojson",
        "licencia": "CC BY-SA 4.0",
        "descripcion": "Traza regional incorporada por GEM GAF-DB desde el catálogo Active Tectonics of the Andes. Revise la clasificación original y los metadatos disponibles antes de usarla a escala local.",
        "descripcion_en": "Regional trace incorporated into GEM GAF-DB from the Active Tectonics of the Andes catalog. Review the original classification and available metadata before using it at local scale."
      },
      "geometry": {
        "type": "LineString",
        "coordinates": [
          [
            -78.1947779119999,
            -1.01136337399993
          ],
          [
            -78.159079729,
            -0.988159554999925
          ],
          [
            -78.1019626359999,
            -0.945321734999936
          ],
          [
            -78.0555549979999,
            -0.898914096999931
          ],
          [
            -78.014502087,
            -0.840012094999963
          ],
          [
            -77.993083177,
            -0.775755364999952
          ],
          [
            -77.98772845,
            -0.732917545999953
          ]
        ]
      }
    },
    {
      "type": "Feature",
      "id": "ATA_152",
      "properties": {
        "catalog_id": "ATA_152",
        "catalog_name": "Active Tectonics of the Andes",
        "name": "PISAYAMBO_FAULT",
        "slip_type": "Dextral",
        "reference": "Eguez et al., 2003",
        "nombre": "Pisayambo Fault",
        "nombre_en": "Pisayambo Fault",
        "provincia": "Napo",
        "provincia_en": "Napo",
        "tipo_movimiento": "dextral",
        "movimiento_original": "Dextral",
        "movimiento_original_en": "Dextral",
        "fuente": "ATA (Veloza et al., 2012) vía GEM GAF-DB",
        "fuente_url": "https://github.com/GEMScienceTools/gem-global-active-faults/blob/850fd05b48841eb806d61a37043b5567f5bb99dd/geojson/gem_active_faults_harmonized.geojson",
        "licencia": "CC BY-SA 4.0",
        "descripcion": "Traza regional incorporada por GEM GAF-DB desde el catálogo Active Tectonics of the Andes. Revise la clasificación original y los metadatos disponibles antes de usarla a escala local.",
        "descripcion_en": "Regional trace incorporated into GEM GAF-DB from the Active Tectonics of the Andes catalog. Review the original classification and available metadata before using it at local scale."
      },
      "geometry": {
        "type": "LineString",
        "coordinates": [
          [
            -78.294732825,
            -1.13452210599996
          ],
          [
            -78.2608195509999,
            -1.10239374099996
          ],
          [
            -78.2090571849999,
            -1.06491064899996
          ],
          [
            -78.15550991,
            -1.02564264699993
          ],
          [
            -78.141230637,
            -1.00243882799992
          ]
        ]
      }
    },
    {
      "type": "Feature",
      "id": "ATA_153",
      "properties": {
        "catalog_id": "ATA_153",
        "catalog_name": "Active Tectonics of the Andes",
        "name": "CANAVERAL_FAULT",
        "slip_type": "Dextral",
        "reference": "Eguez et al., 2003_USGS",
        "nombre": "Canaveral Fault",
        "nombre_en": "Canaveral Fault",
        "provincia": "Manabí",
        "provincia_en": "Manabí",
        "tipo_movimiento": "dextral",
        "movimiento_original": "Dextral",
        "movimiento_original_en": "Dextral",
        "fuente": "ATA (Veloza et al., 2012) vía GEM GAF-DB",
        "fuente_url": "https://github.com/GEMScienceTools/gem-global-active-faults/blob/850fd05b48841eb806d61a37043b5567f5bb99dd/geojson/gem_active_faults_harmonized.geojson",
        "licencia": "CC BY-SA 4.0",
        "descripcion": "Traza regional incorporada por GEM GAF-DB desde el catálogo Active Tectonics of the Andes. Revise la clasificación original y los metadatos disponibles antes de usarla a escala local.",
        "descripcion_en": "Regional trace incorporated into GEM GAF-DB from the Active Tectonics of the Andes catalog. Review the original classification and available metadata before using it at local scale."
      },
      "geometry": {
        "type": "LineString",
        "coordinates": [
          [
            -80.221443097,
            -0.439399150999975
          ],
          [
            -80.2000241869999,
            -0.400131149999936
          ],
          [
            -80.183960005,
            -0.355508420999968
          ],
          [
            -80.17325055,
            -0.310885691999943
          ]
        ]
      }
    },
    {
      "type": "Feature",
      "id": "ATA_154",
      "properties": {
        "catalog_id": "ATA_154",
        "catalog_name": "Active Tectonics of the Andes",
        "name": "RIO_BABA_FAULT",
        "slip_type": "Dextral",
        "reference": "Eguez et al., 2003",
        "nombre": "Rio Baba Fault",
        "nombre_en": "Rio Baba Fault",
        "provincia": "Cotopaxi, Pichincha, Santo Domingo de los Tsáchilas",
        "provincia_en": "Cotopaxi, Pichincha, Santo Domingo de los Tsáchilas",
        "tipo_movimiento": "dextral",
        "movimiento_original": "Dextral",
        "movimiento_original_en": "Dextral",
        "fuente": "ATA (Veloza et al., 2012) vía GEM GAF-DB",
        "fuente_url": "https://github.com/GEMScienceTools/gem-global-active-faults/blob/850fd05b48841eb806d61a37043b5567f5bb99dd/geojson/gem_active_faults_harmonized.geojson",
        "licencia": "CC BY-SA 4.0",
        "descripcion": "Traza regional incorporada por GEM GAF-DB desde el catálogo Active Tectonics of the Andes. Revise la clasificación original y los metadatos disponibles antes de usarla a escala local.",
        "descripcion_en": "Regional trace incorporated into GEM GAF-DB from the Active Tectonics of the Andes catalog. Review the original classification and available metadata before using it at local scale."
      },
      "geometry": {
        "type": "LineString",
        "coordinates": [
          [
            -78.911319776,
            -0.530429517999949
          ],
          [
            -78.906560019,
            -0.470932545999972
          ],
          [
            -78.897040503,
            -0.40905569499995
          ],
          [
            -78.8875209879999,
            -0.35431848099995
          ],
          [
            -78.897040503,
            -0.290061751999929
          ]
        ]
      }
    },
    {
      "type": "Feature",
      "id": "ATA_155",
      "properties": {
        "catalog_id": "ATA_155",
        "catalog_name": "Active Tectonics of the Andes",
        "name": "CHUNGCHILAN-SIGCHOS_FAULT",
        "slip_type": "Reverse",
        "reference": "Eguez et al., 2003",
        "nombre": "Chungchilan-Sigchos Fault",
        "nombre_en": "Chungchilan-Sigchos Fault",
        "provincia": "Cotopaxi",
        "provincia_en": "Cotopaxi",
        "tipo_movimiento": "inversa",
        "movimiento_original": "Reverse",
        "movimiento_original_en": "Reverse",
        "fuente": "ATA (Veloza et al., 2012) vía GEM GAF-DB",
        "fuente_url": "https://github.com/GEMScienceTools/gem-global-active-faults/blob/850fd05b48841eb806d61a37043b5567f5bb99dd/geojson/gem_active_faults_harmonized.geojson",
        "licencia": "CC BY-SA 4.0",
        "descripcion": "Traza regional incorporada por GEM GAF-DB desde el catálogo Active Tectonics of the Andes. Revise la clasificación original y los metadatos disponibles antes de usarla a escala local.",
        "descripcion_en": "Regional trace incorporated into GEM GAF-DB from the Active Tectonics of the Andes catalog. Review the original classification and available metadata before using it at local scale."
      },
      "geometry": {
        "type": "LineString",
        "coordinates": [
          [
            -79.0398332359999,
            -0.899310743999933
          ],
          [
            -79.0683917819999,
            -0.939768684999933
          ],
          [
            -79.087430813,
            -1.01592480899996
          ],
          [
            -79.087430813,
            -1.08494129599995
          ]
        ]
      }
    },
    {
      "type": "Feature",
      "id": "ATA_156",
      "properties": {
        "catalog_id": "ATA_156",
        "catalog_name": "Active Tectonics of the Andes",
        "name": "QUINSALOMA_FAULT",
        "slip_type": "Reverse",
        "reference": "Eguez et al., 2003",
        "nombre": "Quinsaloma Fault",
        "nombre_en": "Quinsaloma Fault",
        "provincia": "Bolívar, Los Ríos",
        "provincia_en": "Bolívar, Los Ríos",
        "tipo_movimiento": "inversa",
        "movimiento_original": "Reverse",
        "movimiento_original_en": "Reverse",
        "fuente": "ATA (Veloza et al., 2012) vía GEM GAF-DB",
        "fuente_url": "https://github.com/GEMScienceTools/gem-global-active-faults/blob/850fd05b48841eb806d61a37043b5567f5bb99dd/geojson/gem_active_faults_harmonized.geojson",
        "licencia": "CC BY-SA 4.0",
        "descripcion": "Traza regional incorporada por GEM GAF-DB desde el catálogo Active Tectonics of the Andes. Revise la clasificación original y los metadatos disponibles antes de usarla a escala local.",
        "descripcion_en": "Regional trace incorporated into GEM GAF-DB from the Active Tectonics of the Andes catalog. Review the original classification and available metadata before using it at local scale."
      },
      "geometry": {
        "type": "LineString",
        "coordinates": [
          [
            -79.217134212,
            -1.22356924
          ],
          [
            -79.2510474859999,
            -1.25391269599993
          ],
          [
            -79.274251305,
            -1.28604106099993
          ],
          [
            -79.2938853059999,
            -1.32352415299994
          ],
          [
            -79.309949488,
            -1.36993179099994
          ],
          [
            -79.3081645789999,
            -1.41633942899995
          ]
        ]
      }
    },
    {
      "type": "Feature",
      "id": "ATA_157",
      "properties": {
        "catalog_id": "ATA_157",
        "catalog_name": "Active Tectonics of the Andes",
        "name": "MONTALCO_FAULT",
        "slip_type": "Reverse",
        "reference": "Eguez et al., 2003",
        "nombre": "Montalco Fault",
        "nombre_en": "Montalco Fault",
        "provincia": "Bolívar, Los Ríos",
        "provincia_en": "Bolívar, Los Ríos",
        "tipo_movimiento": "inversa",
        "movimiento_original": "Reverse",
        "movimiento_original_en": "Reverse",
        "fuente": "ATA (Veloza et al., 2012) vía GEM GAF-DB",
        "fuente_url": "https://github.com/GEMScienceTools/gem-global-active-faults/blob/850fd05b48841eb806d61a37043b5567f5bb99dd/geojson/gem_active_faults_harmonized.geojson",
        "licencia": "CC BY-SA 4.0",
        "descripcion": "Traza regional incorporada por GEM GAF-DB desde el catálogo Active Tectonics of the Andes. Revise la clasificación original y los metadatos disponibles antes de usarla a escala local.",
        "descripcion_en": "Regional trace incorporated into GEM GAF-DB from the Active Tectonics of the Andes catalog. Review the original classification and available metadata before using it at local scale."
      },
      "geometry": {
        "type": "LineString",
        "coordinates": [
          [
            -79.259525804,
            -1.6465927099999
          ],
          [
            -79.2608644859999,
            -1.68407580299993
          ],
          [
            -79.258187122,
            -1.72959098599995
          ],
          [
            -79.250155031,
            -1.76038066899997
          ],
          [
            -79.262203168,
            -1.80321848899996
          ],
          [
            -79.2555097589999,
            -1.84337894499993
          ],
          [
            -79.254171077,
            -1.88487808299993
          ],
          [
            -79.2514937129999,
            -1.92771590299998
          ],
          [
            -79.243461622,
            -1.96519899499998
          ],
          [
            -79.250155031,
            -2.00669813299993
          ],
          [
            -79.243461622,
            -2.05087463399997
          ],
          [
            -79.230074803,
            -2.08434168099996
          ],
          [
            -79.2140106209999,
            -2.10174454499997
          ]
        ]
      }
    },
    {
      "type": "Feature",
      "id": "ATA_158",
      "properties": {
        "catalog_id": "ATA_158",
        "catalog_name": "Active Tectonics of the Andes",
        "name": "CHILLANES_FAULT",
        "slip_type": "Reverse",
        "reference": "Eguez et al., 2003",
        "nombre": "Chillanes Fault",
        "nombre_en": "Chillanes Fault",
        "provincia": "Bolívar, Chimborazo, Guayas",
        "provincia_en": "Bolívar, Chimborazo, Guayas",
        "tipo_movimiento": "inversa",
        "movimiento_original": "Reverse",
        "movimiento_original_en": "Reverse",
        "fuente": "ATA (Veloza et al., 2012) vía GEM GAF-DB",
        "fuente_url": "https://github.com/GEMScienceTools/gem-global-active-faults/blob/850fd05b48841eb806d61a37043b5567f5bb99dd/geojson/gem_active_faults_harmonized.geojson",
        "licencia": "CC BY-SA 4.0",
        "descripcion": "Traza regional incorporada por GEM GAF-DB desde el catálogo Active Tectonics of the Andes. Revise la clasificación original y los metadatos disponibles antes de usarla a escala local.",
        "descripcion_en": "Regional trace incorporated into GEM GAF-DB from the Active Tectonics of the Andes catalog. Review the original classification and available metadata before using it at local scale."
      },
      "geometry": {
        "type": "LineString",
        "coordinates": [
          [
            -79.2046398479999,
            -2.20348436699993
          ],
          [
            -79.165818074,
            -2.17537204799993
          ],
          [
            -79.140383118,
            -2.13922763799997
          ],
          [
            -79.113609481,
            -2.08969640799995
          ],
          [
            -79.118964208,
            -2.04819727099994
          ],
          [
            -79.102900026,
            -2.01606890599993
          ],
          [
            -79.07746507,
            -1.97858581299994
          ],
          [
            -79.058723524,
            -1.94244140299998
          ],
          [
            -79.053368797,
            -1.91299040199993
          ]
        ]
      }
    },
    {
      "type": "Feature",
      "id": "ATA_159",
      "properties": {
        "catalog_id": "ATA_159",
        "catalog_name": "Active Tectonics of the Andes",
        "slip_type": "Reverse",
        "reference": "Eguez et al., 2003",
        "nombre": "Traza sin nombre (ATA_159)",
        "nombre_en": "Unnamed trace (ATA_159)",
        "provincia": "Bolívar, Chimborazo",
        "provincia_en": "Bolívar, Chimborazo",
        "tipo_movimiento": "inversa",
        "movimiento_original": "Reverse",
        "movimiento_original_en": "Reverse",
        "fuente": "ATA (Veloza et al., 2012) vía GEM GAF-DB",
        "fuente_url": "https://github.com/GEMScienceTools/gem-global-active-faults/blob/850fd05b48841eb806d61a37043b5567f5bb99dd/geojson/gem_active_faults_harmonized.geojson",
        "licencia": "CC BY-SA 4.0",
        "descripcion": "Traza regional incorporada por GEM GAF-DB desde el catálogo Active Tectonics of the Andes. Revise la clasificación original y los metadatos disponibles antes de usarla a escala local.",
        "descripcion_en": "Regional trace incorporated into GEM GAF-DB from the Active Tectonics of the Andes catalog. Review the original classification and available metadata before using it at local scale."
      },
      "geometry": {
        "type": "LineString",
        "coordinates": [
          [
            -79.07746507,
            -2.15930786599995
          ],
          [
            -79.057384842,
            -2.12316345499994
          ],
          [
            -79.039981978,
            -2.05756804399994
          ]
        ]
      }
    },
    {
      "type": "Feature",
      "id": "ATA_160",
      "properties": {
        "catalog_id": "ATA_160",
        "catalog_name": "Active Tectonics of the Andes",
        "slip_type": "Reverse",
        "nombre": "Traza sin nombre (ATA_160)",
        "nombre_en": "Unnamed trace (ATA_160)",
        "provincia": "Bolívar",
        "provincia_en": "Bolívar",
        "tipo_movimiento": "inversa",
        "movimiento_original": "Reverse",
        "movimiento_original_en": "Reverse",
        "fuente": "ATA (Veloza et al., 2012) vía GEM GAF-DB",
        "fuente_url": "https://github.com/GEMScienceTools/gem-global-active-faults/blob/850fd05b48841eb806d61a37043b5567f5bb99dd/geojson/gem_active_faults_harmonized.geojson",
        "licencia": "CC BY-SA 4.0",
        "descripcion": "Traza regional incorporada por GEM GAF-DB desde el catálogo Active Tectonics of the Andes. Revise la clasificación original y los metadatos disponibles antes de usarla a escala local.",
        "descripcion_en": "Regional trace incorporated into GEM GAF-DB from the Active Tectonics of the Andes catalog. Review the original classification and available metadata before using it at local scale."
      },
      "geometry": {
        "type": "LineString",
        "coordinates": [
          [
            -79.07255657,
            -1.73137589499993
          ],
          [
            -79.033288569,
            -1.67604371199997
          ],
          [
            -79.0082998409999,
            -1.63320589199998
          ]
        ]
      }
    },
    {
      "type": "Feature",
      "id": "ATA_161",
      "properties": {
        "catalog_id": "ATA_161",
        "catalog_name": "Active Tectonics of the Andes",
        "name": "PASTAZA_FAULT",
        "slip_type": "Sinistral",
        "reference": "Eguez et al., 2003",
        "nombre": "Pastaza Fault",
        "nombre_en": "Pastaza Fault",
        "provincia": "Morona Santiago",
        "provincia_en": "Morona Santiago",
        "tipo_movimiento": "sinestral",
        "movimiento_original": "Sinistral",
        "movimiento_original_en": "Sinistral",
        "fuente": "ATA (Veloza et al., 2012) vía GEM GAF-DB",
        "fuente_url": "https://github.com/GEMScienceTools/gem-global-active-faults/blob/850fd05b48841eb806d61a37043b5567f5bb99dd/geojson/gem_active_faults_harmonized.geojson",
        "licencia": "CC BY-SA 4.0",
        "descripcion": "Traza regional incorporada por GEM GAF-DB desde el catálogo Active Tectonics of the Andes. Revise la clasificación original y los metadatos disponibles antes de usarla a escala local.",
        "descripcion_en": "Regional trace incorporated into GEM GAF-DB from the Active Tectonics of the Andes catalog. Review the original classification and available metadata before using it at local scale."
      },
      "geometry": {
        "type": "LineString",
        "coordinates": [
          [
            -78.0785604929999,
            -1.6361807399999
          ],
          [
            -78.0678510389999,
            -1.60226746599994
          ],
          [
            -78.074990675,
            -1.55942964699994
          ],
          [
            -78.098194494,
            -1.51123709899997
          ],
          [
            -78.1249681319999,
            -1.47196909799993
          ]
        ]
      }
    },
    {
      "type": "Feature",
      "id": "ATA_162",
      "properties": {
        "catalog_id": "ATA_162",
        "catalog_name": "Active Tectonics of the Andes",
        "name": "MERA_FAULT",
        "slip_type": "Reverse",
        "reference": "Eguez et al., 2003",
        "nombre": "Mera Fault",
        "nombre_en": "Mera Fault",
        "provincia": "Pastaza",
        "provincia_en": "Pastaza",
        "tipo_movimiento": "inversa",
        "movimiento_original": "Reverse",
        "movimiento_original_en": "Reverse",
        "fuente": "ATA (Veloza et al., 2012) vía GEM GAF-DB",
        "fuente_url": "https://github.com/GEMScienceTools/gem-global-active-faults/blob/850fd05b48841eb806d61a37043b5567f5bb99dd/geojson/gem_active_faults_harmonized.geojson",
        "licencia": "CC BY-SA 4.0",
        "descripcion": "Traza regional incorporada por GEM GAF-DB desde el catálogo Active Tectonics of the Andes. Revise la clasificación original y los metadatos disponibles antes de usarla a escala local.",
        "descripcion_en": "Regional trace incorporated into GEM GAF-DB from the Active Tectonics of the Andes catalog. Review the original classification and available metadata before using it at local scale."
      },
      "geometry": {
        "type": "LineString",
        "coordinates": [
          [
            -78.108903949,
            -1.41306709599996
          ],
          [
            -78.076775584,
            -1.36665945799996
          ],
          [
            -78.0410774009999,
            -1.31489709199997
          ]
        ]
      }
    },
    {
      "type": "Feature",
      "id": "ATA_163",
      "properties": {
        "catalog_id": "ATA_163",
        "catalog_name": "Active Tectonics of the Andes",
        "name": "PUYO_FAULT",
        "slip_type": "Reverse",
        "reference": "Eguez et al., 2003",
        "nombre": "Puyo Fault",
        "nombre_en": "Puyo Fault",
        "provincia": "Pastaza",
        "provincia_en": "Pastaza",
        "tipo_movimiento": "inversa",
        "movimiento_original": "Reverse",
        "movimiento_original_en": "Reverse",
        "fuente": "ATA (Veloza et al., 2012) vía GEM GAF-DB",
        "fuente_url": "https://github.com/GEMScienceTools/gem-global-active-faults/blob/850fd05b48841eb806d61a37043b5567f5bb99dd/geojson/gem_active_faults_harmonized.geojson",
        "licencia": "CC BY-SA 4.0",
        "descripcion": "Traza regional incorporada por GEM GAF-DB desde el catálogo Active Tectonics of the Andes. Revise la clasificación original y los metadatos disponibles antes de usarla a escala local.",
        "descripcion_en": "Regional trace incorporated into GEM GAF-DB from the Active Tectonics of the Andes catalog. Review the original classification and available metadata before using it at local scale."
      },
      "geometry": {
        "type": "LineString",
        "coordinates": [
          [
            -78.0321528549999,
            -1.50588237199997
          ],
          [
            -78.007164127,
            -1.47732382499993
          ],
          [
            -77.998239581,
            -1.43627091499997
          ],
          [
            -78.007164127,
            -1.40771236799998
          ]
        ]
      }
    },
    {
      "type": "Feature",
      "id": "ATA_164",
      "properties": {
        "catalog_id": "ATA_164",
        "catalog_name": "Active Tectonics of the Andes",
        "name": "ARAJUNO_FAULT",
        "slip_type": "Reverse",
        "reference": "Eguez et al., 2003",
        "nombre": "Arajuno Fault",
        "nombre_en": "Arajuno Fault",
        "provincia": "Napo, Pastaza",
        "provincia_en": "Napo, Pastaza",
        "tipo_movimiento": "inversa",
        "movimiento_original": "Reverse",
        "movimiento_original_en": "Reverse",
        "fuente": "ATA (Veloza et al., 2012) vía GEM GAF-DB",
        "fuente_url": "https://github.com/GEMScienceTools/gem-global-active-faults/blob/850fd05b48841eb806d61a37043b5567f5bb99dd/geojson/gem_active_faults_harmonized.geojson",
        "licencia": "CC BY-SA 4.0",
        "descripcion": "Traza regional incorporada por GEM GAF-DB desde el catálogo Active Tectonics of the Andes. Revise la clasificación original y los metadatos disponibles antes de usarla a escala local.",
        "descripcion_en": "Regional trace incorporated into GEM GAF-DB from the Active Tectonics of the Andes catalog. Review the original classification and available metadata before using it at local scale."
      },
      "geometry": {
        "type": "LineString",
        "coordinates": [
          [
            -77.653752114,
            -1.27919890899994
          ],
          [
            -77.646612478,
            -1.23636108899996
          ],
          [
            -77.625193568,
            -1.17924399599997
          ],
          [
            -77.6002048399999,
            -1.12748163099997
          ],
          [
            -77.555582111,
            -1.09892308399998
          ],
          [
            -77.5305933819999,
            -1.06679472
          ]
        ]
      }
    },
    {
      "type": "Feature",
      "id": "ATA_165",
      "properties": {
        "catalog_id": "ATA_165",
        "catalog_name": "Active Tectonics of the Andes",
        "name": "GUAMOTE FAULT",
        "slip_type": "Dextral",
        "reference": "Eguez et al., 2003",
        "nombre": "Guamote Fault",
        "nombre_en": "Guamote Fault",
        "provincia": "Chimborazo",
        "provincia_en": "Chimborazo",
        "tipo_movimiento": "dextral",
        "movimiento_original": "Dextral",
        "movimiento_original_en": "Dextral",
        "fuente": "ATA (Veloza et al., 2012) vía GEM GAF-DB",
        "fuente_url": "https://github.com/GEMScienceTools/gem-global-active-faults/blob/850fd05b48841eb806d61a37043b5567f5bb99dd/geojson/gem_active_faults_harmonized.geojson",
        "licencia": "CC BY-SA 4.0",
        "descripcion": "Traza regional incorporada por GEM GAF-DB desde el catálogo Active Tectonics of the Andes. Revise la clasificación original y los metadatos disponibles antes de usarla a escala local.",
        "descripcion_en": "Regional trace incorporated into GEM GAF-DB from the Active Tectonics of the Andes catalog. Review the original classification and available metadata before using it at local scale."
      },
      "geometry": {
        "type": "LineString",
        "coordinates": [
          [
            -78.802241995,
            -2.1161229799999
          ],
          [
            -78.7718985389999,
            -2.05722097799998
          ],
          [
            -78.7397701739999,
            -1.98760952099997
          ],
          [
            -78.712996537,
            -1.91799806399996
          ],
          [
            -78.671943626,
            -1.85909606199994
          ],
          [
            -78.638030352,
            -1.82875260599997
          ]
        ]
      }
    },
    {
      "type": "Feature",
      "id": "ATA_166",
      "properties": {
        "catalog_id": "ATA_166",
        "catalog_name": "Active Tectonics of the Andes",
        "name": "PONCE-ENRIQUEZ_FAULT",
        "slip_type": "Reverse",
        "reference": "Eguez et al., 2003",
        "nombre": "Ponce-Enriquez Fault",
        "nombre_en": "Ponce-Enriquez Fault",
        "provincia": "Azuay, El Oro, Guayas",
        "provincia_en": "Azuay, El Oro, Guayas",
        "tipo_movimiento": "inversa",
        "movimiento_original": "Reverse",
        "movimiento_original_en": "Reverse",
        "fuente": "ATA (Veloza et al., 2012) vía GEM GAF-DB",
        "fuente_url": "https://github.com/GEMScienceTools/gem-global-active-faults/blob/850fd05b48841eb806d61a37043b5567f5bb99dd/geojson/gem_active_faults_harmonized.geojson",
        "licencia": "CC BY-SA 4.0",
        "descripcion": "Traza regional incorporada por GEM GAF-DB desde el catálogo Active Tectonics of the Andes. Revise la clasificación original y los metadatos disponibles antes de usarla a escala local.",
        "descripcion_en": "Regional trace incorporated into GEM GAF-DB from the Active Tectonics of the Andes catalog. Review the original classification and available metadata before using it at local scale."
      },
      "geometry": {
        "type": "LineString",
        "coordinates": [
          [
            -79.480507474,
            -2.82651682399995
          ],
          [
            -79.5304849299999,
            -2.85329046199996
          ],
          [
            -79.578677478,
            -2.89434337199998
          ],
          [
            -79.6197303879999,
            -2.94789064699995
          ],
          [
            -79.650073844,
            -2.99608319399994
          ],
          [
            -79.6750625719999,
            -3.03535119599997
          ],
          [
            -79.701836209,
            -3.07997392499993
          ],
          [
            -79.719685301,
            -3.12102683499995
          ],
          [
            -79.7500287569999,
            -3.18349865599993
          ],
          [
            -79.776802394,
            -3.23704593
          ]
        ]
      }
    },
    {
      "type": "Feature",
      "id": "ATA_167",
      "properties": {
        "catalog_id": "ATA_167",
        "catalog_name": "Active Tectonics of the Andes",
        "name": "GUALACEO_FAULT",
        "slip_type": "Reverse",
        "reference": "Eguez et al., 2003",
        "nombre": "Gualaceo Fault",
        "nombre_en": "Gualaceo Fault",
        "provincia": "Azuay",
        "provincia_en": "Azuay",
        "tipo_movimiento": "inversa",
        "movimiento_original": "Reverse",
        "movimiento_original_en": "Reverse",
        "fuente": "ATA (Veloza et al., 2012) vía GEM GAF-DB",
        "fuente_url": "https://github.com/GEMScienceTools/gem-global-active-faults/blob/850fd05b48841eb806d61a37043b5567f5bb99dd/geojson/gem_active_faults_harmonized.geojson",
        "licencia": "CC BY-SA 4.0",
        "descripcion": "Traza regional incorporada por GEM GAF-DB desde el catálogo Active Tectonics of the Andes. Revise la clasificación original y los metadatos disponibles antes de usarla a escala local.",
        "descripcion_en": "Regional trace incorporated into GEM GAF-DB from the Active Tectonics of the Andes catalog. Review the original classification and available metadata before using it at local scale."
      },
      "geometry": {
        "type": "LineString",
        "coordinates": [
          [
            -78.761189084,
            -2.86756973499996
          ],
          [
            -78.789747631,
            -2.89255846299994
          ],
          [
            -78.8004570859999,
            -2.9211170099999
          ],
          [
            -78.809381631,
            -2.96038501099997
          ],
          [
            -78.821875995,
            -2.99072846699994
          ],
          [
            -78.83258545,
            -3.01393228599994
          ],
          [
            -78.8700685429999,
            -3.0478455599999
          ],
          [
            -78.89684218,
            -3.07640410599993
          ],
          [
            -78.9129063619999,
            -3.11567210799996
          ]
        ]
      }
    },
    {
      "type": "Feature",
      "id": "ATA_175",
      "properties": {
        "catalog_id": "ATA_175",
        "catalog_name": "Active Tectonics of the Andes",
        "slip_type": "Reverse",
        "nombre": "Traza sin nombre (ATA_175)",
        "nombre_en": "Unnamed trace (ATA_175)",
        "provincia": "Sucumbíos",
        "provincia_en": "Sucumbíos",
        "tipo_movimiento": "inversa",
        "movimiento_original": "Reverse",
        "movimiento_original_en": "Reverse",
        "fuente": "ATA (Veloza et al., 2012) vía GEM GAF-DB",
        "fuente_url": "https://github.com/GEMScienceTools/gem-global-active-faults/blob/850fd05b48841eb806d61a37043b5567f5bb99dd/geojson/gem_active_faults_harmonized.geojson",
        "licencia": "CC BY-SA 4.0",
        "descripcion": "Traza regional incorporada por GEM GAF-DB desde el catálogo Active Tectonics of the Andes. Revise la clasificación original y los metadatos disponibles antes de usarla a escala local.",
        "descripcion_en": "Regional trace incorporated into GEM GAF-DB from the Active Tectonics of the Andes catalog. Review the original classification and available metadata before using it at local scale."
      },
      "geometry": {
        "type": "LineString",
        "coordinates": [
          [
            -77.212781663,
            0.043408953000039
          ],
          [
            -77.2104213819999,
            0.060520990000043
          ],
          [
            -77.205110749,
            0.083533730000056
          ],
          [
            -77.20747103,
            0.107726610000043
          ],
          [
            -77.215732014,
            0.123658507000073
          ],
          [
            -77.2210426459999,
            0.135459912000044
          ],
          [
            -77.2186823649999,
            0.154342160000056
          ],
          [
            -77.2186823649999,
            0.173814478000054
          ],
          [
            -77.220452576,
            0.187386094000033
          ]
        ]
      }
    },
    {
      "type": "Feature",
      "id": "ATA_176",
      "properties": {
        "catalog_id": "ATA_176",
        "catalog_name": "Active Tectonics of the Andes",
        "name": "CASCALES FAULT SYSTEM",
        "slip_type": "Reverse",
        "reference": "Eguez et al., 2003",
        "nombre": "Cascales Fault System",
        "nombre_en": "Cascales Fault System",
        "provincia": "Napo, Orellana",
        "provincia_en": "Napo, Orellana",
        "tipo_movimiento": "inversa",
        "movimiento_original": "Reverse",
        "movimiento_original_en": "Reverse",
        "fuente": "ATA (Veloza et al., 2012) vía GEM GAF-DB",
        "fuente_url": "https://github.com/GEMScienceTools/gem-global-active-faults/blob/850fd05b48841eb806d61a37043b5567f5bb99dd/geojson/gem_active_faults_harmonized.geojson",
        "licencia": "CC BY-SA 4.0",
        "descripcion": "Traza regional incorporada por GEM GAF-DB desde el catálogo Active Tectonics of the Andes. Revise la clasificación original y los metadatos disponibles antes de usarla a escala local.",
        "descripcion_en": "Regional trace incorporated into GEM GAF-DB from the Active Tectonics of the Andes catalog. Review the original classification and available metadata before using it at local scale."
      },
      "geometry": {
        "type": "LineString",
        "coordinates": [
          [
            -77.3024723409999,
            -0.352528186999962
          ],
          [
            -77.2983418489999,
            -0.327155165999955
          ],
          [
            -77.3001120599999,
            -0.305322565999973
          ],
          [
            -77.296571638,
            -0.2911608799999
          ],
          [
            -77.297751779,
            -0.270508420999931
          ],
          [
            -77.3001120599999,
            -0.251036102999933
          ],
          [
            -77.306012762,
            -0.222712730999945
          ],
          [
            -77.3007021299999,
            -0.210911325999973
          ],
          [
            -77.2942113569999,
            -0.198519850999958
          ],
          [
            -77.287720585,
            -0.185538304999966
          ],
          [
            -77.27768939,
            -0.172556759999964
          ],
          [
            -77.271198618,
            -0.163705705999973
          ],
          [
            -77.259987283,
            -0.154264581999939
          ],
          [
            -77.250546159,
            -0.135382333999928
          ],
          [
            -77.247595807,
            -0.119450436999955
          ],
          [
            -77.251726299,
            -0.09938804799998
          ],
          [
            -77.2511362289999,
            -0.082276010999976
          ]
        ]
      }
    },
    {
      "type": "Feature",
      "id": "ATA_250",
      "properties": {
        "catalog_id": "ATA_250",
        "catalog_name": "Active Tectonics of the Andes",
        "name": "CAMPANQUIZ FAULT SYSTEM",
        "slip_type": "Reverse",
        "nombre": "Campanquiz Fault System",
        "nombre_en": "Campanquiz Fault System",
        "provincia": "Morona Santiago",
        "provincia_en": "Morona Santiago",
        "tipo_movimiento": "inversa",
        "movimiento_original": "Reverse",
        "movimiento_original_en": "Reverse",
        "fuente": "ATA (Veloza et al., 2012) vía GEM GAF-DB",
        "fuente_url": "https://github.com/GEMScienceTools/gem-global-active-faults/blob/850fd05b48841eb806d61a37043b5567f5bb99dd/geojson/gem_active_faults_harmonized.geojson",
        "licencia": "CC BY-SA 4.0",
        "descripcion": "Traza regional incorporada por GEM GAF-DB desde el catálogo Active Tectonics of the Andes. Revise la clasificación original y los metadatos disponibles antes de usarla a escala local.",
        "descripcion_en": "Regional trace incorporated into GEM GAF-DB from the Active Tectonics of the Andes catalog. Review the original classification and available metadata before using it at local scale."
      },
      "geometry": {
        "type": "LineString",
        "coordinates": [
          [
            -77.897225549,
            -2.77618055199997
          ],
          [
            -77.876093306,
            -2.82851971199995
          ],
          [
            -77.86651008,
            -2.85137202099997
          ],
          [
            -77.855452511,
            -2.86611544599998
          ],
          [
            -77.837760401,
            -2.88380755599997
          ],
          [
            -77.839971914,
            -2.90002532399996
          ],
          [
            -77.851766654,
            -2.92361480499994
          ],
          [
            -77.863561395,
            -2.94941579899995
          ],
          [
            -77.859138367,
            -2.97595396399993
          ],
          [
            -77.8532409969999,
            -2.99512041699995
          ],
          [
            -77.8384975719999,
            -3.00544081499993
          ],
          [
            -77.824491318,
            -3.01944706899997
          ],
          [
            -77.811959406,
            -3.05114543299993
          ],
          [
            -77.80827355,
            -3.08358096899997
          ],
          [
            -77.810485064,
            -3.11896518899994
          ],
          [
            -77.810485064,
            -3.1425546699999
          ],
          [
            -77.805324865,
            -3.16393263599997
          ],
          [
            -77.800901837,
            -3.18531060299995
          ],
          [
            -77.7979531519999,
            -3.20226554199996
          ],
          [
            -77.7979531519999,
            -3.22806653599997
          ],
          [
            -77.7979531519999,
            -3.24944450299995
          ],
          [
            -77.794267296,
            -3.26418792799996
          ],
          [
            -77.7927929529999,
            -3.28335438099998
          ],
          [
            -77.795004467,
            -3.31136688899994
          ],
          [
            -77.7979531519999,
            -3.32463597199995
          ],
          [
            -77.797215981,
            -3.35633433599997
          ],
          [
            -77.795004467,
            -3.38729552899997
          ],
          [
            -77.78468407,
            -3.43005146199994
          ],
          [
            -77.783209727,
            -3.44700640099995
          ],
          [
            -77.7743636719999,
            -3.47501890899997
          ],
          [
            -77.764780445,
            -3.50155707499994
          ],
          [
            -77.756671562,
            -3.5104031299999
          ],
          [
            -77.746351164,
            -3.51187747199998
          ],
          [
            -77.741190965,
            -3.52735806899994
          ],
          [
            -77.736767937,
            -3.55242189199993
          ],
          [
            -77.717601485,
            -3.56569097499994
          ]
        ]
      }
    },
    {
      "type": "Feature",
      "id": "ATA_254",
      "properties": {
        "catalog_id": "ATA_254",
        "catalog_name": "Active Tectonics of the Andes",
        "name": "CELICA-MACARA-AMOTAPE FAULT SYSTEM",
        "slip_type": "Reverse",
        "reference": "Macahar� et al., 2003",
        "nombre": "Celica-Macara-Amotape Fault System",
        "nombre_en": "Celica-Macara-Amotape Fault System",
        "provincia": "Loja",
        "provincia_en": "Loja",
        "tipo_movimiento": "inversa",
        "movimiento_original": "Reverse",
        "movimiento_original_en": "Reverse",
        "fuente": "ATA (Veloza et al., 2012) vía GEM GAF-DB",
        "fuente_url": "https://github.com/GEMScienceTools/gem-global-active-faults/blob/850fd05b48841eb806d61a37043b5567f5bb99dd/geojson/gem_active_faults_harmonized.geojson",
        "licencia": "CC BY-SA 4.0",
        "descripcion": "Traza regional incorporada por GEM GAF-DB desde el catálogo Active Tectonics of the Andes. Revise la clasificación original y los metadatos disponibles antes de usarla a escala local.",
        "descripcion_en": "Regional trace incorporated into GEM GAF-DB from the Active Tectonics of the Andes catalog. Review the original classification and available metadata before using it at local scale."
      },
      "geometry": {
        "type": "LineString",
        "coordinates": [
          [
            -80.133484757,
            -4.26410685299993
          ],
          [
            -80.1023159919999,
            -4.24592507299997
          ],
          [
            -80.084134212,
            -4.24073027899993
          ],
          [
            -80.055562843,
            -4.23423678599994
          ],
          [
            -80.034783666,
            -4.22124980099994
          ],
          [
            -80.0204979819999,
            -4.19657452799993
          ],
          [
            -79.994524011,
            -4.17579535099998
          ],
          [
            -79.9698487379999,
            -4.15631487299993
          ],
          [
            -79.951666958,
            -4.1316396
          ],
          [
            -79.9191994939999,
            -4.11086042299996
          ],
          [
            -79.893225523,
            -4.09008124599995
          ],
          [
            -79.8724463459999,
            -4.05761378199998
          ],
          [
            -79.8451736759999,
            -4.03423720799998
          ],
          [
            -79.8114075129999,
            -4.01086063399993
          ],
          [
            -79.782836145,
            -4.00306844199997
          ],
          [
            -79.747771284,
            -3.99917234599997
          ],
          [
            -79.708810327,
            -3.99397755199993
          ],
          [
            -79.667251973,
            -3.97449707399994
          ]
        ]
      }
    },
    {
      "type": "Feature",
      "id": "ATA_255",
      "properties": {
        "catalog_id": "ATA_255",
        "catalog_name": "Active Tectonics of the Andes",
        "name": "CELICA-MACARA-AMOTAPE FAULT SYSTEM",
        "slip_type": "Reverse",
        "reference": "Macahar� et al., 2003",
        "nombre": "Celica-Macara-Amotape Fault System",
        "nombre_en": "Celica-Macara-Amotape Fault System",
        "provincia": "Loja",
        "provincia_en": "Loja",
        "tipo_movimiento": "inversa",
        "movimiento_original": "Reverse",
        "movimiento_original_en": "Reverse",
        "fuente": "ATA (Veloza et al., 2012) vía GEM GAF-DB",
        "fuente_url": "https://github.com/GEMScienceTools/gem-global-active-faults/blob/850fd05b48841eb806d61a37043b5567f5bb99dd/geojson/gem_active_faults_harmonized.geojson",
        "licencia": "CC BY-SA 4.0",
        "descripcion": "Traza regional incorporada por GEM GAF-DB desde el catálogo Active Tectonics of the Andes. Revise la clasificación original y los metadatos disponibles antes de usarla a escala local.",
        "descripcion_en": "Regional trace incorporated into GEM GAF-DB from the Active Tectonics of the Andes catalog. Review the original classification and available metadata before using it at local scale."
      },
      "geometry": {
        "type": "LineString",
        "coordinates": [
          [
            -81.071974844,
            -4.70631371399998
          ],
          [
            -81.035611284,
            -4.70371631699993
          ],
          [
            -81.009637313,
            -4.7011189199999
          ],
          [
            -80.98496204,
            -4.69722282399994
          ],
          [
            -80.964182863,
            -4.68033974299993
          ],
          [
            -80.951195878,
            -4.65956056599993
          ],
          [
            -80.9330140979999,
            -4.65566447
          ],
          [
            -80.8992479349999,
            -4.65306707299993
          ],
          [
            -80.866780471,
            -4.64917097699993
          ],
          [
            -80.836910404,
            -4.63748269
          ],
          [
            -80.81353383,
            -4.62969049899993
          ],
          [
            -80.774572873,
            -4.63228789599998
          ],
          [
            -80.714832739,
            -4.61280741799993
          ],
          [
            -80.683663973,
            -4.58423604899997
          ],
          [
            -80.651196509,
            -4.56475557099998
          ],
          [
            -80.6018459639999,
            -4.54267769499995
          ],
          [
            -80.571975897,
            -4.50891153299995
          ],
          [
            -80.5572843699999,
            -4.48983689699998
          ],
          [
            -80.539751939,
            -4.46865187699996
          ],
          [
            -80.522219508,
            -4.45404151799994
          ],
          [
            -80.5032260419999,
            -4.44089219499995
          ],
          [
            -80.485693611,
            -4.42701235399994
          ],
          [
            -80.4696222169999,
            -4.4072883699999
          ],
          [
            -80.4564728939999,
            -4.39340852899994
          ],
          [
            -80.4360183909999,
            -4.37660661599995
          ],
          [
            -80.4257911399999,
            -4.35834366799997
          ],
          [
            -80.412641817,
            -4.33569761199993
          ],
          [
            -80.399492494,
            -4.31524310899994
          ],
          [
            -80.37611592,
            -4.29844119699993
          ],
          [
            -80.349086756,
            -4.28017824799997
          ],
          [
            -80.323518628,
            -4.26337633499998
          ],
          [
            -80.2979505,
            -4.24073027899993
          ],
          [
            -80.2738434079999,
            -4.21589266899997
          ],
          [
            -80.2599635669999,
            -4.2049349
          ],
          [
            -80.231473367,
            -4.18448039799995
          ],
          [
            -80.213940937,
            -4.16694796699994
          ],
          [
            -80.19494747,
            -4.14503242899997
          ],
          [
            -80.183259183,
            -4.13845776699998
          ],
          [
            -80.1752234859999,
            -4.12384740899995
          ]
        ]
      }
    },
    {
      "type": "Feature",
      "id": "ATA_256",
      "properties": {
        "catalog_id": "ATA_256",
        "catalog_name": "Active Tectonics of the Andes",
        "name": "CELICA-MACARA-AMOTAPE FAULT SYSTEM",
        "slip_type": "Reverse",
        "reference": "Macahar� et al., 2003",
        "nombre": "Celica-Macara-Amotape Fault System",
        "nombre_en": "Celica-Macara-Amotape Fault System",
        "provincia": "Loja",
        "provincia_en": "Loja",
        "tipo_movimiento": "inversa",
        "movimiento_original": "Reverse",
        "movimiento_original_en": "Reverse",
        "fuente": "ATA (Veloza et al., 2012) vía GEM GAF-DB",
        "fuente_url": "https://github.com/GEMScienceTools/gem-global-active-faults/blob/850fd05b48841eb806d61a37043b5567f5bb99dd/geojson/gem_active_faults_harmonized.geojson",
        "licencia": "CC BY-SA 4.0",
        "descripcion": "Traza regional incorporada por GEM GAF-DB desde el catálogo Active Tectonics of the Andes. Revise la clasificación original y los metadatos disponibles antes de usarla a escala local.",
        "descripcion_en": "Regional trace incorporated into GEM GAF-DB from the Active Tectonics of the Andes catalog. Review the original classification and available metadata before using it at local scale."
      },
      "geometry": {
        "type": "LineString",
        "coordinates": [
          [
            -80.4827715389999,
            -4.53366797399997
          ],
          [
            -80.460856001,
            -4.51978813299996
          ],
          [
            -80.444784607,
            -4.50883036399995
          ],
          [
            -80.427252176,
            -4.49495052299994
          ],
          [
            -80.4053366379999,
            -4.48107068199994
          ],
          [
            -80.385612653,
            -4.46134669799994
          ],
          [
            -80.362966597,
            -4.44235323099997
          ],
          [
            -80.3447036479999,
            -4.41970717499993
          ],
          [
            -80.328632254,
            -4.40290526199993
          ],
          [
            -80.308177751,
            -4.38391179599995
          ],
          [
            -80.292836875,
            -4.36784040099997
          ],
          [
            -80.270921336,
            -4.34811641699997
          ],
          [
            -80.249005798,
            -4.33058398599997
          ],
          [
            -80.23074285,
            -4.30355482199997
          ],
          [
            -80.2190545619999,
            -4.28310032
          ],
          [
            -80.204444204,
            -4.26045426399997
          ],
          [
            -80.197869542,
            -4.25387960199993
          ]
        ]
      }
    },
    {
      "type": "Feature",
      "id": "ATA_257",
      "properties": {
        "catalog_id": "ATA_257",
        "catalog_name": "Active Tectonics of the Andes",
        "slip_type": "Reverse",
        "reference": "Macahar� et al., 2003",
        "nombre": "Traza sin nombre (ATA_257)",
        "nombre_en": "Unnamed trace (ATA_257)",
        "provincia": "Loja",
        "provincia_en": "Loja",
        "tipo_movimiento": "inversa",
        "movimiento_original": "Reverse",
        "movimiento_original_en": "Reverse",
        "fuente": "ATA (Veloza et al., 2012) vía GEM GAF-DB",
        "fuente_url": "https://github.com/GEMScienceTools/gem-global-active-faults/blob/850fd05b48841eb806d61a37043b5567f5bb99dd/geojson/gem_active_faults_harmonized.geojson",
        "licencia": "CC BY-SA 4.0",
        "descripcion": "Traza regional incorporada por GEM GAF-DB desde el catálogo Active Tectonics of the Andes. Revise la clasificación original y los metadatos disponibles antes de usarla a escala local.",
        "descripcion_en": "Regional trace incorporated into GEM GAF-DB from the Active Tectonics of the Andes catalog. Review the original classification and available metadata before using it at local scale."
      },
      "geometry": {
        "type": "LineString",
        "coordinates": [
          [
            -80.319135521,
            -4.42774287199995
          ],
          [
            -80.291375839,
            -4.40801888799996
          ],
          [
            -80.276034962,
            -4.38902542099993
          ],
          [
            -80.257772013,
            -4.37514558099997
          ],
          [
            -80.238048029,
            -4.35542159599993
          ],
          [
            -80.2263597419999,
            -4.3364281299999
          ],
          [
            -80.208096793,
            -4.31816518099993
          ],
          [
            -80.1927559169999,
            -4.30136326799993
          ],
          [
            -80.1752234859999,
            -4.28748342699993
          ]
        ]
      }
    },
    {
      "type": "Feature",
      "id": "ATA_286",
      "properties": {
        "catalog_id": "ATA_286",
        "catalog_name": "Active Tectonics of the Andes",
        "name": "GUAYAQUIL ALGECIRAS FAULT SYSTEM",
        "net_slip_rate": "(3.8,,)",
        "slip_type": "Dextral",
        "reference": "Lavenu, 2006; Tibaldi., 2007; Winter, 1993",
        "nombre": "Guayaquil Algeciras Fault System",
        "nombre_en": "Guayaquil Algeciras Fault System",
        "provincia": "Guayas",
        "provincia_en": "Guayas",
        "tipo_movimiento": "dextral",
        "movimiento_original": "Dextral",
        "movimiento_original_en": "Dextral",
        "fuente": "ATA (Veloza et al., 2012) vía GEM GAF-DB",
        "fuente_url": "https://github.com/GEMScienceTools/gem-global-active-faults/blob/850fd05b48841eb806d61a37043b5567f5bb99dd/geojson/gem_active_faults_harmonized.geojson",
        "licencia": "CC BY-SA 4.0",
        "descripcion": "Traza regional incorporada por GEM GAF-DB desde el catálogo Active Tectonics of the Andes. Revise la clasificación original y los metadatos disponibles antes de usarla a escala local.",
        "descripcion_en": "Regional trace incorporated into GEM GAF-DB from the Active Tectonics of the Andes catalog. Review the original classification and available metadata before using it at local scale."
      },
      "geometry": {
        "type": "LineString",
        "coordinates": [
          [
            -79.625415184,
            -2.59635029699996
          ],
          [
            -79.887060129,
            -2.74827316899996
          ],
          [
            -80.123384597,
            -2.94239683799998
          ],
          [
            -80.3934697019999,
            -3.11120002899997
          ],
          [
            -80.874558796,
            -3.47412688899993
          ],
          [
            -81.2037250179999,
            -3.82861359
          ],
          [
            -81.423169166,
            -4.18310029099996
          ],
          [
            -81.625732995,
            -4.42786491699997
          ],
          [
            -81.71857475,
            -4.54602715099998
          ]
        ]
      }
    },
    {
      "type": "Feature",
      "id": "ATA_410",
      "properties": {
        "catalog_id": "ATA_410",
        "catalog_name": "Active Tectonics of the Andes",
        "name": "NUMBALA FAULT",
        "slip_type": "Reverse",
        "reference": "Eguez et al., 2003",
        "nombre": "Numbala Fault",
        "nombre_en": "Numbala Fault",
        "provincia": "Zamora Chinchipe",
        "provincia_en": "Zamora Chinchipe",
        "tipo_movimiento": "inversa",
        "movimiento_original": "Reverse",
        "movimiento_original_en": "Reverse",
        "fuente": "ATA (Veloza et al., 2012) vía GEM GAF-DB",
        "fuente_url": "https://github.com/GEMScienceTools/gem-global-active-faults/blob/850fd05b48841eb806d61a37043b5567f5bb99dd/geojson/gem_active_faults_harmonized.geojson",
        "licencia": "CC BY-SA 4.0",
        "descripcion": "Traza regional incorporada por GEM GAF-DB desde el catálogo Active Tectonics of the Andes. Revise la clasificación original y los metadatos disponibles antes de usarla a escala local.",
        "descripcion_en": "Regional trace incorporated into GEM GAF-DB from the Active Tectonics of the Andes catalog. Review the original classification and available metadata before using it at local scale."
      },
      "geometry": {
        "type": "LineString",
        "coordinates": [
          [
            -78.6088643209999,
            -6.05703556799995
          ],
          [
            -78.660744581,
            -5.95563324299997
          ],
          [
            -78.698475679,
            -5.89196201499993
          ],
          [
            -78.7456395519999,
            -5.81885801199996
          ],
          [
            -78.79044523,
            -5.7457540099999
          ],
          [
            -78.799878005,
            -5.69387375
          ],
          [
            -78.79044523,
            -5.63727710399996
          ],
          [
            -78.837609103,
            -5.56653129499995
          ],
          [
            -78.828176328,
            -5.50286006699997
          ],
          [
            -78.8328927159999,
            -5.44390522599997
          ],
          [
            -78.86826562,
            -5.37787580499997
          ],
          [
            -78.8800565879999,
            -5.29062264099997
          ],
          [
            -78.903638524,
            -5.21751863899993
          ],
          [
            -78.934295041,
            -5.13734005499992
          ],
          [
            -78.990891688,
            -5.05244508499993
          ],
          [
            -79.0427719479999,
            -4.97934108299995
          ],
          [
            -79.0828612399999,
            -4.88972972499994
          ],
          [
            -79.0922940139999,
            -4.81426752899995
          ],
          [
            -79.097010401,
            -4.76002907599997
          ],
          [
            -79.106443176,
            -4.68456688
          ],
          [
            -79.104084982,
            -4.61382107099996
          ],
          [
            -79.085219433,
            -4.55722442399997
          ],
          [
            -79.05692111,
            -4.50062777699998
          ],
          [
            -79.0522047219999,
            -4.45346390499998
          ],
          [
            -79.047488335,
            -4.39215087099996
          ],
          [
            -79.0451301419999,
            -4.37092712799995
          ]
        ]
      }
    },
    {
      "type": "Feature",
      "id": "ATA_412",
      "properties": {
        "catalog_id": "ATA_412",
        "catalog_name": "Active Tectonics of the Andes",
        "name": "NARANJAL_FAULT",
        "slip_type": "Reverse",
        "reference": "Eguez et al., 2003",
        "nombre": "Naranjal Fault",
        "nombre_en": "Naranjal Fault",
        "provincia": "Guayas",
        "provincia_en": "Guayas",
        "tipo_movimiento": "inversa",
        "movimiento_original": "Reverse",
        "movimiento_original_en": "Reverse",
        "fuente": "ATA (Veloza et al., 2012) vía GEM GAF-DB",
        "fuente_url": "https://github.com/GEMScienceTools/gem-global-active-faults/blob/850fd05b48841eb806d61a37043b5567f5bb99dd/geojson/gem_active_faults_harmonized.geojson",
        "licencia": "CC BY-SA 4.0",
        "descripcion": "Traza regional incorporada por GEM GAF-DB desde el catálogo Active Tectonics of the Andes. Revise la clasificación original y los metadatos disponibles antes de usarla a escala local.",
        "descripcion_en": "Regional trace incorporated into GEM GAF-DB from the Active Tectonics of the Andes catalog. Review the original classification and available metadata before using it at local scale."
      },
      "geometry": {
        "type": "LineString",
        "coordinates": [
          [
            -79.554283719,
            -2.60161827099995
          ],
          [
            -79.5828422659999,
            -2.63255669599994
          ],
          [
            -79.618540449,
            -2.70157318299994
          ],
          [
            -79.635199601,
            -2.76582991299995
          ],
          [
            -79.6518587529999,
            -2.81818724799996
          ]
        ]
      }
    },
    {
      "type": "Feature",
      "id": "ATA_413",
      "properties": {
        "catalog_id": "ATA_413",
        "catalog_name": "Active Tectonics of the Andes",
        "name": "LA_CRUZ_FAULT",
        "slip_type": "Dextral",
        "reference": "Eguez et al., 2003_USGS",
        "nombre": "La Cruz Fault",
        "nombre_en": "La Cruz Fault",
        "provincia": "Guayas, Santa Elena",
        "provincia_en": "Guayas, Santa Elena",
        "tipo_movimiento": "dextral",
        "movimiento_original": "Dextral",
        "movimiento_original_en": "Dextral",
        "fuente": "ATA (Veloza et al., 2012) vía GEM GAF-DB",
        "fuente_url": "https://github.com/GEMScienceTools/gem-global-active-faults/blob/850fd05b48841eb806d61a37043b5567f5bb99dd/geojson/gem_active_faults_harmonized.geojson",
        "licencia": "CC BY-SA 4.0",
        "descripcion": "Traza regional incorporada por GEM GAF-DB desde el catálogo Active Tectonics of the Andes. Revise la clasificación original y los metadatos disponibles antes de usarla a escala local.",
        "descripcion_en": "Regional trace incorporated into GEM GAF-DB from the Active Tectonics of the Andes catalog. Review the original classification and available metadata before using it at local scale."
      },
      "geometry": {
        "type": "LineString",
        "coordinates": [
          [
            -80.597265636,
            -2.3358651299999
          ],
          [
            -80.541933452,
            -2.37870294899994
          ],
          [
            -80.472321995,
            -2.43938986099994
          ],
          [
            -80.411635084,
            -2.49115222599994
          ],
          [
            -80.317034899,
            -2.57504295699994
          ],
          [
            -80.256347987,
            -2.62323550399998
          ]
        ]
      }
    },
    {
      "type": "Feature",
      "id": "ATA_414",
      "properties": {
        "catalog_id": "ATA_414",
        "catalog_name": "Active Tectonics of the Andes",
        "name": "COLONCHE_FAULT",
        "slip_type": "Reverse",
        "reference": "Eguez et al., 2003_USGS",
        "nombre": "Colonche Fault",
        "nombre_en": "Colonche Fault",
        "provincia": "Manabí, Santa Elena",
        "provincia_en": "Manabí, Santa Elena",
        "tipo_movimiento": "inversa",
        "movimiento_original": "Reverse",
        "movimiento_original_en": "Reverse",
        "fuente": "ATA (Veloza et al., 2012) vía GEM GAF-DB",
        "fuente_url": "https://github.com/GEMScienceTools/gem-global-active-faults/blob/850fd05b48841eb806d61a37043b5567f5bb99dd/geojson/gem_active_faults_harmonized.geojson",
        "licencia": "CC BY-SA 4.0",
        "descripcion": "Traza regional incorporada por GEM GAF-DB desde el catálogo Active Tectonics of the Andes. Revise la clasificación original y los metadatos disponibles antes de usarla a escala local.",
        "descripcion_en": "Regional trace incorporated into GEM GAF-DB from the Active Tectonics of the Andes catalog. Review the original classification and available metadata before using it at local scale."
      },
      "geometry": {
        "type": "LineString",
        "coordinates": [
          [
            -80.743628187,
            -1.67723365099994
          ],
          [
            -80.7168545499999,
            -1.71828656199995
          ],
          [
            -80.672231821,
            -1.74684510799995
          ]
        ]
      }
    },
    {
      "type": "Feature",
      "id": "ATA_415",
      "properties": {
        "catalog_id": "ATA_415",
        "catalog_name": "Active Tectonics of the Andes",
        "name": "COLONCHE_FAULT",
        "slip_type": "Reverse",
        "reference": "Eguez et al., 2003_USGS",
        "nombre": "Colonche Fault",
        "nombre_en": "Colonche Fault",
        "provincia": "Santa Elena",
        "provincia_en": "Santa Elena",
        "tipo_movimiento": "inversa",
        "movimiento_original": "Reverse",
        "movimiento_original_en": "Reverse",
        "fuente": "ATA (Veloza et al., 2012) vía GEM GAF-DB",
        "fuente_url": "https://github.com/GEMScienceTools/gem-global-active-faults/blob/850fd05b48841eb806d61a37043b5567f5bb99dd/geojson/gem_active_faults_harmonized.geojson",
        "licencia": "CC BY-SA 4.0",
        "descripcion": "Traza regional incorporada por GEM GAF-DB desde el catálogo Active Tectonics of the Andes. Revise la clasificación original y los metadatos disponibles antes de usarla a escala local.",
        "descripcion_en": "Regional trace incorporated into GEM GAF-DB from the Active Tectonics of the Andes catalog. Review the original classification and available metadata before using it at local scale."
      },
      "geometry": {
        "type": "LineString",
        "coordinates": [
          [
            -80.672231821,
            -1.72542619799998
          ],
          [
            -80.6561676379999,
            -1.77540365499993
          ],
          [
            -80.6365336379999,
            -1.81645656499995
          ],
          [
            -80.611544909,
            -1.85572456699992
          ],
          [
            -80.5722769079999,
            -1.88606802199996
          ],
          [
            -80.5383636339999,
            -1.89677747699994
          ]
        ]
      }
    },
    {
      "type": "Feature",
      "id": "ATA_416",
      "properties": {
        "catalog_id": "ATA_416",
        "catalog_name": "Active Tectonics of the Andes",
        "name": "COLONCHE_FAULT",
        "slip_type": "Reverse",
        "reference": "Eguez et al., 2003_USGS",
        "nombre": "Colonche Fault",
        "nombre_en": "Colonche Fault",
        "provincia": "Guayas, Santa Elena",
        "provincia_en": "Guayas, Santa Elena",
        "tipo_movimiento": "inversa",
        "movimiento_original": "Reverse",
        "movimiento_original_en": "Reverse",
        "fuente": "ATA (Veloza et al., 2012) vía GEM GAF-DB",
        "fuente_url": "https://github.com/GEMScienceTools/gem-global-active-faults/blob/850fd05b48841eb806d61a37043b5567f5bb99dd/geojson/gem_active_faults_harmonized.geojson",
        "licencia": "CC BY-SA 4.0",
        "descripcion": "Traza regional incorporada por GEM GAF-DB desde el catálogo Active Tectonics of the Andes. Revise la clasificación original y los metadatos disponibles antes de usarla a escala local.",
        "descripcion_en": "Regional trace incorporated into GEM GAF-DB from the Active Tectonics of the Andes catalog. Review the original classification and available metadata before using it at local scale."
      },
      "geometry": {
        "type": "LineString",
        "coordinates": [
          [
            -80.488386178,
            -1.96638893399995
          ],
          [
            -80.438408721,
            -1.99316257199996
          ],
          [
            -80.368797264,
            -2.04492493699996
          ],
          [
            -80.311680171,
            -2.07169857399992
          ]
        ]
      }
    },
    {
      "type": "Feature",
      "id": "ATA_417",
      "properties": {
        "catalog_id": "ATA_417",
        "catalog_name": "Active Tectonics of the Andes",
        "name": "COLONCHE_FAULT",
        "slip_type": "Reverse",
        "reference": "Eguez et al., 2003_USGS",
        "nombre": "Colonche Fault",
        "nombre_en": "Colonche Fault",
        "provincia": "Guayas",
        "provincia_en": "Guayas",
        "tipo_movimiento": "inversa",
        "movimiento_original": "Reverse",
        "movimiento_original_en": "Reverse",
        "fuente": "ATA (Veloza et al., 2012) vía GEM GAF-DB",
        "fuente_url": "https://github.com/GEMScienceTools/gem-global-active-faults/blob/850fd05b48841eb806d61a37043b5567f5bb99dd/geojson/gem_active_faults_harmonized.geojson",
        "licencia": "CC BY-SA 4.0",
        "descripcion": "Traza regional incorporada por GEM GAF-DB desde el catálogo Active Tectonics of the Andes. Revise la clasificación original y los metadatos disponibles antes de usarla a escala local.",
        "descripcion_en": "Regional trace incorporated into GEM GAF-DB from the Active Tectonics of the Andes catalog. Review the original classification and available metadata before using it at local scale."
      },
      "geometry": {
        "type": "LineString",
        "coordinates": [
          [
            -80.217079986,
            -2.12881566699997
          ],
          [
            -80.133189256,
            -2.15558930499998
          ],
          [
            -80.040373979,
            -2.18057803299996
          ],
          [
            -79.945773794,
            -2.19128748799994
          ],
          [
            -79.899366156,
            -2.17522330599996
          ]
        ]
      }
    },
    {
      "type": "Feature",
      "id": "ATA_418",
      "properties": {
        "catalog_id": "ATA_418",
        "catalog_name": "Active Tectonics of the Andes",
        "name": "CARRIZAL_FAULT",
        "slip_type": "Reverse",
        "reference": "Eguez et al., 2003",
        "nombre": "Carrizal Fault",
        "nombre_en": "Carrizal Fault",
        "provincia": "Guayas, Santa Elena",
        "provincia_en": "Guayas, Santa Elena",
        "tipo_movimiento": "inversa",
        "movimiento_original": "Reverse",
        "movimiento_original_en": "Reverse",
        "fuente": "ATA (Veloza et al., 2012) vía GEM GAF-DB",
        "fuente_url": "https://github.com/GEMScienceTools/gem-global-active-faults/blob/850fd05b48841eb806d61a37043b5567f5bb99dd/geojson/gem_active_faults_harmonized.geojson",
        "licencia": "CC BY-SA 4.0",
        "descripcion": "Traza regional incorporada por GEM GAF-DB desde el catálogo Active Tectonics of the Andes. Revise la clasificación original y los metadatos disponibles antes de usarla a escala local.",
        "descripcion_en": "Regional trace incorporated into GEM GAF-DB from the Active Tectonics of the Andes catalog. Review the original classification and available metadata before using it at local scale."
      },
      "geometry": {
        "type": "LineString",
        "coordinates": [
          [
            -80.5151598149999,
            -1.99316257199996
          ],
          [
            -80.4598276309999,
            -2.06812875599996
          ],
          [
            -80.4080652659999,
            -2.13774021299997
          ],
          [
            -80.349163263,
            -2.20021203399995
          ],
          [
            -80.270627261,
            -2.25197439899995
          ],
          [
            -80.1599628929999,
            -2.30373676499994
          ],
          [
            -80.0707174349999,
            -2.33943494799996
          ],
          [
            -80.0296645239999,
            -2.35371422099996
          ]
        ]
      }
    },
    {
      "type": "Feature",
      "id": "ATA_419",
      "properties": {
        "catalog_id": "ATA_419",
        "catalog_name": "Active Tectonics of the Andes",
        "name": "JIPIJAPA_FAULT",
        "slip_type": "Reverse",
        "reference": "Eguez et al., 2003_USGS",
        "nombre": "Jipijapa Fault",
        "nombre_en": "Jipijapa Fault",
        "provincia": "Manabí",
        "provincia_en": "Manabí",
        "tipo_movimiento": "inversa",
        "movimiento_original": "Reverse",
        "movimiento_original_en": "Reverse",
        "fuente": "ATA (Veloza et al., 2012) vía GEM GAF-DB",
        "fuente_url": "https://github.com/GEMScienceTools/gem-global-active-faults/blob/850fd05b48841eb806d61a37043b5567f5bb99dd/geojson/gem_active_faults_harmonized.geojson",
        "licencia": "CC BY-SA 4.0",
        "descripcion": "Traza regional incorporada por GEM GAF-DB desde el catálogo Active Tectonics of the Andes. Revise la clasificación original y los metadatos disponibles antes de usarla a escala local.",
        "descripcion_en": "Regional trace incorporated into GEM GAF-DB from the Active Tectonics of the Andes catalog. Review the original classification and available metadata before using it at local scale."
      },
      "geometry": {
        "type": "LineString",
        "coordinates": [
          [
            -80.7222092769999,
            -1.53265600899994
          ],
          [
            -80.6882960029999,
            -1.49517291699993
          ],
          [
            -80.6597374569999,
            -1.43448600599993
          ],
          [
            -80.629394001,
            -1.34702545699997
          ],
          [
            -80.611544909,
            -1.26134981799993
          ],
          [
            -80.602620364,
            -1.19352327
          ],
          [
            -80.5954807269999,
            -1.13819108599995
          ]
        ]
      }
    },
    {
      "type": "Feature",
      "id": "ATA_420",
      "properties": {
        "catalog_id": "ATA_420",
        "catalog_name": "Active Tectonics of the Andes",
        "name": "CALCETA FAULT",
        "slip_type": "Reverse",
        "reference": "Eguez et al., 2003",
        "nombre": "Calceta Fault",
        "nombre_en": "Calceta Fault",
        "provincia": "Manabí",
        "provincia_en": "Manabí",
        "tipo_movimiento": "inversa",
        "movimiento_original": "Reverse",
        "movimiento_original_en": "Reverse",
        "fuente": "ATA (Veloza et al., 2012) vía GEM GAF-DB",
        "fuente_url": "https://github.com/GEMScienceTools/gem-global-active-faults/blob/850fd05b48841eb806d61a37043b5567f5bb99dd/geojson/gem_active_faults_harmonized.geojson",
        "licencia": "CC BY-SA 4.0",
        "descripcion": "Traza regional incorporada por GEM GAF-DB desde el catálogo Active Tectonics of the Andes. Revise la clasificación original y los metadatos disponibles antes de usarla a escala local.",
        "descripcion_en": "Regional trace incorporated into GEM GAF-DB from the Active Tectonics of the Andes catalog. Review the original classification and available metadata before using it at local scale."
      },
      "geometry": {
        "type": "LineString",
        "coordinates": [
          [
            -80.265272533,
            -0.93649635099996
          ],
          [
            -80.236713987,
            -0.899013258999958
          ],
          [
            -80.179596894,
            -0.834756528999947
          ],
          [
            -80.1367590739999,
            -0.784779072999925
          ],
          [
            -80.097491072,
            -0.725877070999957
          ],
          [
            -80.067147617,
            -0.666975068999932
          ],
          [
            -80.049298525,
            -0.608073065999974
          ],
          [
            -80.0421588889999,
            -0.542031427999973
          ]
        ]
      }
    },
    {
      "type": "Feature",
      "id": "ATA_421",
      "properties": {
        "catalog_id": "ATA_421",
        "catalog_name": "Active Tectonics of the Andes",
        "name": "BAHIA_FAULT",
        "slip_type": "Reverse",
        "reference": "Eguez et al., 2003_USGS",
        "nombre": "Bahia Fault",
        "nombre_en": "Bahia Fault",
        "provincia": "Manabí",
        "provincia_en": "Manabí",
        "tipo_movimiento": "inversa",
        "movimiento_original": "Reverse",
        "movimiento_original_en": "Reverse",
        "fuente": "ATA (Veloza et al., 2012) vía GEM GAF-DB",
        "fuente_url": "https://github.com/GEMScienceTools/gem-global-active-faults/blob/850fd05b48841eb806d61a37043b5567f5bb99dd/geojson/gem_active_faults_harmonized.geojson",
        "licencia": "CC BY-SA 4.0",
        "descripcion": "Traza regional incorporada por GEM GAF-DB desde el catálogo Active Tectonics of the Andes. Revise la clasificación original y los metadatos disponibles antes de usarla a escala local.",
        "descripcion_en": "Regional trace incorporated into GEM GAF-DB from the Active Tectonics of the Andes catalog. Review the original classification and available metadata before using it at local scale."
      },
      "geometry": {
        "type": "LineString",
        "coordinates": [
          [
            -80.418774721,
            -0.832971619999967
          ],
          [
            -80.390216174,
            -0.791918708999958
          ],
          [
            -80.386646356,
            -0.72230725199995
          ],
          [
            -80.3937859919999,
            -0.672329795999929
          ],
          [
            -80.415204902,
            -0.62949197599994
          ]
        ]
      }
    },
    {
      "type": "Feature",
      "id": "ATA_422",
      "properties": {
        "catalog_id": "ATA_422",
        "catalog_name": "Active Tectonics of the Andes",
        "name": "DAULE_FAULT",
        "slip_type": "Reverse",
        "reference": "Eguez et al., 2003_USGS",
        "nombre": "Daule Fault",
        "nombre_en": "Daule Fault",
        "provincia": "Guayas, Manabí",
        "provincia_en": "Guayas, Manabí",
        "tipo_movimiento": "inversa",
        "movimiento_original": "Reverse",
        "movimiento_original_en": "Reverse",
        "fuente": "ATA (Veloza et al., 2012) vía GEM GAF-DB",
        "fuente_url": "https://github.com/GEMScienceTools/gem-global-active-faults/blob/850fd05b48841eb806d61a37043b5567f5bb99dd/geojson/gem_active_faults_harmonized.geojson",
        "licencia": "CC BY-SA 4.0",
        "descripcion": "Traza regional incorporada por GEM GAF-DB desde el catálogo Active Tectonics of the Andes. Revise la clasificación original y los metadatos disponibles antes de usarla a escala local.",
        "descripcion_en": "Regional trace incorporated into GEM GAF-DB from the Active Tectonics of the Andes catalog. Review the original classification and available metadata before using it at local scale."
      },
      "geometry": {
        "type": "LineString",
        "coordinates": [
          [
            -80.022524888,
            -1.21137236099997
          ],
          [
            -79.974332341,
            -1.17567417799995
          ],
          [
            -79.913645429,
            -1.11141744799994
          ],
          [
            -79.863667973,
            -1.05073053699994
          ],
          [
            -79.80655088,
            -0.963269987999979
          ],
          [
            -79.7530036049999,
            -0.884733985999958
          ],
          [
            -79.72266015,
            -0.82761689299997
          ],
          [
            -79.688746876,
            -0.765145071999939
          ],
          [
            -79.6744676019999,
            -0.697318523999968
          ],
          [
            -79.649478874,
            -0.609857975999944
          ]
        ]
      }
    },
    {
      "type": "Feature",
      "id": "ATA_423",
      "properties": {
        "catalog_id": "ATA_423",
        "catalog_name": "Active Tectonics of the Andes",
        "name": "BUENA_FE_FAULT",
        "slip_type": "Reverse",
        "reference": "Eguez et al., 2003",
        "nombre": "Buena Fe Fault",
        "nombre_en": "Buena Fe Fault",
        "provincia": "Guayas, Los Ríos",
        "provincia_en": "Guayas, Los Ríos",
        "tipo_movimiento": "inversa",
        "movimiento_original": "Reverse",
        "movimiento_original_en": "Reverse",
        "fuente": "ATA (Veloza et al., 2012) vía GEM GAF-DB",
        "fuente_url": "https://github.com/GEMScienceTools/gem-global-active-faults/blob/850fd05b48841eb806d61a37043b5567f5bb99dd/geojson/gem_active_faults_harmonized.geojson",
        "licencia": "CC BY-SA 4.0",
        "descripcion": "Traza regional incorporada por GEM GAF-DB desde el catálogo Active Tectonics of the Andes. Revise la clasificación original y los metadatos disponibles antes de usarla a escala local.",
        "descripcion_en": "Regional trace incorporated into GEM GAF-DB from the Active Tectonics of the Andes catalog. Review the original classification and available metadata before using it at local scale."
      },
      "geometry": {
        "type": "LineString",
        "coordinates": [
          [
            -79.811905607,
            -1.18281381499997
          ],
          [
            -79.7672828779999,
            -1.16317981399993
          ],
          [
            -79.7297997859999,
            -1.11320235799997
          ],
          [
            -79.665543057,
            -1.07036453799998
          ],
          [
            -79.6155656,
            -1.01860217199993
          ],
          [
            -79.5709428709999,
            -0.970409624999945
          ],
          [
            -79.5281050519999,
            -0.893658530999971
          ],
          [
            -79.494191778,
            -0.825831982999944
          ],
          [
            -79.474557777,
            -0.750865798999939
          ]
        ]
      }
    },
    {
      "type": "Feature",
      "id": "ATA_426",
      "properties": {
        "catalog_id": "ATA_426",
        "catalog_name": "Active Tectonics of the Andes",
        "name": "CELICA-MACARA-AMOTAPE FAULT SYSTEM",
        "slip_type": "Reverse",
        "reference": "Eguez et al., 2003_USGS",
        "nombre": "Celica-Macara-Amotape Fault System",
        "nombre_en": "Celica-Macara-Amotape Fault System",
        "provincia": "Loja",
        "provincia_en": "Loja",
        "tipo_movimiento": "inversa",
        "movimiento_original": "Reverse",
        "movimiento_original_en": "Reverse",
        "fuente": "ATA (Veloza et al., 2012) vía GEM GAF-DB",
        "fuente_url": "https://github.com/GEMScienceTools/gem-global-active-faults/blob/850fd05b48841eb806d61a37043b5567f5bb99dd/geojson/gem_active_faults_harmonized.geojson",
        "licencia": "CC BY-SA 4.0",
        "descripcion": "Traza regional incorporada por GEM GAF-DB desde el catálogo Active Tectonics of the Andes. Revise la clasificación original y los metadatos disponibles antes de usarla a escala local.",
        "descripcion_en": "Regional trace incorporated into GEM GAF-DB from the Active Tectonics of the Andes catalog. Review the original classification and available metadata before using it at local scale."
      },
      "geometry": {
        "type": "LineString",
        "coordinates": [
          [
            -80.069196957,
            -4.41250777099998
          ],
          [
            -80.0239792579999,
            -4.38156934599994
          ],
          [
            -79.985901196,
            -4.30303334299992
          ],
          [
            -79.9430633759999,
            -4.23163697699994
          ],
          [
            -79.921644467,
            -4.14596133699996
          ],
          [
            -79.9145048299999,
            -4.11264303299993
          ]
        ]
      }
    },
    {
      "type": "Feature",
      "id": "ATA_427",
      "properties": {
        "catalog_id": "ATA_427",
        "catalog_name": "Active Tectonics of the Andes",
        "name": "NUMBALA_FAULT",
        "slip_type": "Reverse",
        "reference": "Eguez et al., 2003_USGS",
        "nombre": "Numbala Fault",
        "nombre_en": "Numbala Fault",
        "provincia": "Zamora Chinchipe",
        "provincia_en": "Zamora Chinchipe",
        "tipo_movimiento": "inversa",
        "movimiento_original": "Reverse",
        "movimiento_original_en": "Reverse",
        "fuente": "ATA (Veloza et al., 2012) vía GEM GAF-DB",
        "fuente_url": "https://github.com/GEMScienceTools/gem-global-active-faults/blob/850fd05b48841eb806d61a37043b5567f5bb99dd/geojson/gem_active_faults_harmonized.geojson",
        "licencia": "CC BY-SA 4.0",
        "descripcion": "Traza regional incorporada por GEM GAF-DB desde el catálogo Active Tectonics of the Andes. Revise la clasificación original y los metadatos disponibles antes de usarla a escala local.",
        "descripcion_en": "Regional trace incorporated into GEM GAF-DB from the Active Tectonics of the Andes catalog. Review the original classification and available metadata before using it at local scale."
      },
      "geometry": {
        "type": "LineString",
        "coordinates": [
          [
            -79.286216807,
            -4.92894148699997
          ],
          [
            -79.243378987,
            -4.859925
          ],
          [
            -79.1957814099999,
            -4.78614875499994
          ],
          [
            -79.1696027419999,
            -4.70999263099998
          ],
          [
            -79.143424075,
            -4.63621638599994
          ],
          [
            -79.143424075,
            -4.56719989799996
          ],
          [
            -79.122005165,
            -4.5219822
          ],
          [
            -79.081547224,
            -4.45772547
          ],
          [
            -79.04822892,
            -4.36253031499996
          ],
          [
            -79.031569767,
            -4.27923455399997
          ],
          [
            -79.017290494,
            -4.20545830899994
          ],
          [
            -79.022050252,
            -4.12692230599993
          ],
          [
            -79.0196703729999,
            -4.08884424399997
          ]
        ]
      }
    },
    {
      "type": "Feature",
      "id": "ATA_428",
      "properties": {
        "catalog_id": "ATA_428",
        "catalog_name": "Active Tectonics of the Andes",
        "name": "LAS_ARADAS_FAULT",
        "slip_type": "Reverse",
        "reference": "Eguez et al., 2003_USGS",
        "nombre": "Las Aradas Fault",
        "nombre_en": "Las Aradas Fault",
        "provincia": "Loja",
        "provincia_en": "Loja",
        "tipo_movimiento": "inversa",
        "movimiento_original": "Reverse",
        "movimiento_original_en": "Reverse",
        "fuente": "ATA (Veloza et al., 2012) vía GEM GAF-DB",
        "fuente_url": "https://github.com/GEMScienceTools/gem-global-active-faults/blob/850fd05b48841eb806d61a37043b5567f5bb99dd/geojson/gem_active_faults_harmonized.geojson",
        "licencia": "CC BY-SA 4.0",
        "descripcion": "Traza regional incorporada por GEM GAF-DB desde el catálogo Active Tectonics of the Andes. Revise la clasificación original y los metadatos disponibles antes de usarla a escala local.",
        "descripcion_en": "Regional trace incorporated into GEM GAF-DB from the Active Tectonics of the Andes catalog. Review the original classification and available metadata before using it at local scale."
      },
      "geometry": {
        "type": "LineString",
        "coordinates": [
          [
            -79.367132689,
            -4.17392491399994
          ],
          [
            -79.381411962,
            -4.22925709799995
          ],
          [
            -79.3921214169999,
            -4.27923455399997
          ],
          [
            -79.38498178,
            -4.32207237399996
          ],
          [
            -79.379627053,
            -4.35777055699998
          ],
          [
            -79.3921214169999,
            -4.39525364899993
          ],
          [
            -79.411755418,
            -4.44166128699993
          ],
          [
            -79.404615781,
            -4.48449910699998
          ],
          [
            -79.395691235,
            -4.5201972899999
          ],
          [
            -79.404615781,
            -4.55946529199997
          ],
          [
            -79.395691235,
            -4.60408802099994
          ]
        ]
      }
    },
    {
      "type": "Feature",
      "id": "ATA_429",
      "properties": {
        "catalog_id": "ATA_429",
        "catalog_name": "Active Tectonics of the Andes",
        "name": "EL_TAMBO_FAULT",
        "slip_type": "Reverse",
        "nombre": "El Tambo Fault",
        "nombre_en": "El Tambo Fault",
        "provincia": "Loja",
        "provincia_en": "Loja",
        "tipo_movimiento": "inversa",
        "movimiento_original": "Reverse",
        "movimiento_original_en": "Reverse",
        "fuente": "ATA (Veloza et al., 2012) vía GEM GAF-DB",
        "fuente_url": "https://github.com/GEMScienceTools/gem-global-active-faults/blob/850fd05b48841eb806d61a37043b5567f5bb99dd/geojson/gem_active_faults_harmonized.geojson",
        "licencia": "CC BY-SA 4.0",
        "descripcion": "Traza regional incorporada por GEM GAF-DB desde el catálogo Active Tectonics of the Andes. Revise la clasificación original y los metadatos disponibles antes de usarla a escala local.",
        "descripcion_en": "Regional trace incorporated into GEM GAF-DB from the Active Tectonics of the Andes catalog. Review the original classification and available metadata before using it at local scale."
      },
      "geometry": {
        "type": "LineString",
        "coordinates": [
          [
            -79.326079778,
            -4.06504545599995
          ],
          [
            -79.318940142,
            -4.1185927299999
          ],
          [
            -79.290381595,
            -4.15964564099994
          ],
          [
            -79.254683412,
            -4.20248346099993
          ]
        ]
      }
    },
    {
      "type": "Feature",
      "id": "ATA_430",
      "properties": {
        "catalog_id": "ATA_430",
        "catalog_name": "Active Tectonics of the Andes",
        "name": "SOLANDA_FAULT",
        "slip_type": "Reverse",
        "nombre": "Solanda Fault",
        "nombre_en": "Solanda Fault",
        "provincia": "Loja",
        "provincia_en": "Loja",
        "tipo_movimiento": "inversa",
        "movimiento_original": "Reverse",
        "movimiento_original_en": "Reverse",
        "fuente": "ATA (Veloza et al., 2012) vía GEM GAF-DB",
        "fuente_url": "https://github.com/GEMScienceTools/gem-global-active-faults/blob/850fd05b48841eb806d61a37043b5567f5bb99dd/geojson/gem_active_faults_harmonized.geojson",
        "licencia": "CC BY-SA 4.0",
        "descripcion": "Traza regional incorporada por GEM GAF-DB desde el catálogo Active Tectonics of the Andes. Revise la clasificación original y los metadatos disponibles antes de usarla a escala local.",
        "descripcion_en": "Regional trace incorporated into GEM GAF-DB from the Active Tectonics of the Andes catalog. Review the original classification and available metadata before using it at local scale."
      },
      "geometry": {
        "type": "LineString",
        "coordinates": [
          [
            -79.299306141,
            -4.25960055399997
          ],
          [
            -79.315370323,
            -4.21676273399993
          ],
          [
            -79.338574142,
            -4.18820418699994
          ]
        ]
      }
    },
    {
      "type": "Feature",
      "id": "ATA_431",
      "properties": {
        "catalog_id": "ATA_431",
        "catalog_name": "Active Tectonics of the Andes",
        "name": "LOJA_FAULT",
        "slip_type": "Reverse",
        "reference": "Eguez et al., 2003_USGS",
        "nombre": "Loja Fault",
        "nombre_en": "Loja Fault",
        "provincia": "Loja",
        "provincia_en": "Loja",
        "tipo_movimiento": "inversa",
        "movimiento_original": "Reverse",
        "movimiento_original_en": "Reverse",
        "fuente": "ATA (Veloza et al., 2012) vía GEM GAF-DB",
        "fuente_url": "https://github.com/GEMScienceTools/gem-global-active-faults/blob/850fd05b48841eb806d61a37043b5567f5bb99dd/geojson/gem_active_faults_harmonized.geojson",
        "licencia": "CC BY-SA 4.0",
        "descripcion": "Traza regional incorporada por GEM GAF-DB desde el catálogo Active Tectonics of the Andes. Revise la clasificación original y los metadatos disponibles antes de usarla a escala local.",
        "descripcion_en": "Regional trace incorporated into GEM GAF-DB from the Active Tectonics of the Andes catalog. Review the original classification and available metadata before using it at local scale."
      },
      "geometry": {
        "type": "LineString",
        "coordinates": [
          [
            -79.208275774,
            -4.06861527399997
          ],
          [
            -79.213630501,
            -4.14715127699998
          ],
          [
            -79.222555047,
            -4.19177400599995
          ],
          [
            -79.2279097749999,
            -4.24710618899996
          ],
          [
            -79.206490865,
            -4.30422328199995
          ],
          [
            -79.183287046,
            -4.34884601099998
          ],
          [
            -79.147588863,
            -4.37918946699995
          ]
        ]
      }
    },
    {
      "type": "Feature",
      "id": "ATA_432",
      "properties": {
        "catalog_id": "ATA_432",
        "catalog_name": "Active Tectonics of the Andes",
        "name": "LAS_PITAS",
        "slip_type": "Reverse",
        "nombre": "Las Pitas",
        "nombre_en": "Las Pitas",
        "provincia": "Loja, Zamora Chinchipe",
        "provincia_en": "Loja, Zamora Chinchipe",
        "tipo_movimiento": "inversa",
        "movimiento_original": "Reverse",
        "movimiento_original_en": "Reverse",
        "fuente": "ATA (Veloza et al., 2012) vía GEM GAF-DB",
        "fuente_url": "https://github.com/GEMScienceTools/gem-global-active-faults/blob/850fd05b48841eb806d61a37043b5567f5bb99dd/geojson/gem_active_faults_harmonized.geojson",
        "licencia": "CC BY-SA 4.0",
        "descripcion": "Traza regional incorporada por GEM GAF-DB desde el catálogo Active Tectonics of the Andes. Revise la clasificación original y los metadatos disponibles antes de usarla a escala local.",
        "descripcion_en": "Regional trace incorporated into GEM GAF-DB from the Active Tectonics of the Andes catalog. Review the original classification and available metadata before using it at local scale."
      },
      "geometry": {
        "type": "LineString",
        "coordinates": [
          [
            -79.177932318,
            -3.95973581499993
          ],
          [
            -79.170792682,
            -4.00792836299996
          ],
          [
            -79.156513408,
            -4.04898127299992
          ],
          [
            -79.136879408,
            -4.07218509199993
          ]
        ]
      }
    },
    {
      "type": "Feature",
      "id": "ATA_433",
      "properties": {
        "catalog_id": "ATA_433",
        "catalog_name": "Active Tectonics of the Andes",
        "name": "CATAMAYO",
        "slip_type": "Reverse",
        "reference": "Macahar� et al., 2003",
        "nombre": "Catamayo",
        "nombre_en": "Catamayo",
        "provincia": "Loja",
        "provincia_en": "Loja",
        "tipo_movimiento": "inversa",
        "movimiento_original": "Reverse",
        "movimiento_original_en": "Reverse",
        "fuente": "ATA (Veloza et al., 2012) vía GEM GAF-DB",
        "fuente_url": "https://github.com/GEMScienceTools/gem-global-active-faults/blob/850fd05b48841eb806d61a37043b5567f5bb99dd/geojson/gem_active_faults_harmonized.geojson",
        "licencia": "CC BY-SA 4.0",
        "descripcion": "Traza regional incorporada por GEM GAF-DB desde el catálogo Active Tectonics of the Andes. Revise la clasificación original y los metadatos disponibles antes de usarla a escala local.",
        "descripcion_en": "Regional trace incorporated into GEM GAF-DB from the Active Tectonics of the Andes catalog. Review the original classification and available metadata before using it at local scale."
      },
      "geometry": {
        "type": "LineString",
        "coordinates": [
          [
            -79.2743174129999,
            -3.97758490699994
          ],
          [
            -79.261823049,
            -3.94010181499993
          ],
          [
            -79.254683412,
            -3.88298472199995
          ],
          [
            -79.254683412,
            -3.82051290099997
          ]
        ]
      }
    },
    {
      "type": "Feature",
      "id": "ATA_434",
      "properties": {
        "catalog_id": "ATA_434",
        "catalog_name": "Active Tectonics of the Andes",
        "name": "LA_TOMA_FAULT",
        "slip_type": "Reverse",
        "reference": "Macahar� et al., 2003",
        "nombre": "La Toma Fault",
        "nombre_en": "La Toma Fault",
        "provincia": "Loja",
        "provincia_en": "Loja",
        "tipo_movimiento": "inversa",
        "movimiento_original": "Reverse",
        "movimiento_original_en": "Reverse",
        "fuente": "ATA (Veloza et al., 2012) vía GEM GAF-DB",
        "fuente_url": "https://github.com/GEMScienceTools/gem-global-active-faults/blob/850fd05b48841eb806d61a37043b5567f5bb99dd/geojson/gem_active_faults_harmonized.geojson",
        "licencia": "CC BY-SA 4.0",
        "descripcion": "Traza regional incorporada por GEM GAF-DB desde el catálogo Active Tectonics of the Andes. Revise la clasificación original y los metadatos disponibles antes de usarla a escala local.",
        "descripcion_en": "Regional trace incorporated into GEM GAF-DB from the Active Tectonics of the Andes catalog. Review the original classification and available metadata before using it at local scale."
      },
      "geometry": {
        "type": "LineString",
        "coordinates": [
          [
            -79.411755418,
            -4.01506799899994
          ],
          [
            -79.402830872,
            -3.97401508899998
          ],
          [
            -79.4010459629999,
            -3.92046781399995
          ],
          [
            -79.4099705089999,
            -3.85442617499996
          ],
          [
            -79.402830872,
            -3.81158835499997
          ]
        ]
      }
    },
    {
      "type": "Feature",
      "id": "ATA_488",
      "properties": {
        "catalog_id": "ATA_488",
        "catalog_name": "Active Tectonics of the Andes",
        "name": "GUAYLLABAMBA DEPRESSION",
        "slip_type": "Normal",
        "reference": "Villagomez, 2003",
        "nombre": "Guayllabamba Depression",
        "nombre_en": "Guayllabamba Depression",
        "provincia": "Pichincha",
        "provincia_en": "Pichincha",
        "tipo_movimiento": "normal",
        "movimiento_original": "Normal",
        "movimiento_original_en": "Normal",
        "fuente": "ATA (Veloza et al., 2012) vía GEM GAF-DB",
        "fuente_url": "https://github.com/GEMScienceTools/gem-global-active-faults/blob/850fd05b48841eb806d61a37043b5567f5bb99dd/geojson/gem_active_faults_harmonized.geojson",
        "licencia": "CC BY-SA 4.0",
        "descripcion": "Traza regional incorporada por GEM GAF-DB desde el catálogo Active Tectonics of the Andes. Revise la clasificación original y los metadatos disponibles antes de usarla a escala local.",
        "descripcion_en": "Regional trace incorporated into GEM GAF-DB from the Active Tectonics of the Andes catalog. Review the original classification and available metadata before using it at local scale."
      },
      "geometry": {
        "type": "LineString",
        "coordinates": [
          [
            -78.3077804549999,
            -0.011642117999941
          ],
          [
            -78.3090583009999,
            -0.007169654999927
          ],
          [
            -78.31289184,
            -0.003336115999957
          ],
          [
            -78.3224756879999,
            -0.000141499999927
          ],
          [
            -78.3288649209999,
            0.003053116000046
          ],
          [
            -78.3422823079999,
            0.006886655000073
          ],
          [
            -78.35058831,
            0.008164502000056
          ],
          [
            -78.365922467,
            0.010720195000033
          ],
          [
            -78.3748673919999,
            0.006886655000073
          ],
          [
            -78.3876458559999,
            -0.00269719299996
          ],
          [
            -78.390840472,
            -0.017392426999947
          ],
          [
            -78.393396165,
            -0.030809813999952
          ]
        ]
      }
    },
    {
      "type": "Feature",
      "id": "ATA_489",
      "properties": {
        "catalog_id": "ATA_489",
        "catalog_name": "Active Tectonics of the Andes",
        "name": "GUAYLLABAMBA DEPRESSION",
        "slip_type": "Normal",
        "nombre": "Guayllabamba Depression",
        "nombre_en": "Guayllabamba Depression",
        "provincia": "Pichincha",
        "provincia_en": "Pichincha",
        "tipo_movimiento": "normal",
        "movimiento_original": "Normal",
        "movimiento_original_en": "Normal",
        "fuente": "ATA (Veloza et al., 2012) vía GEM GAF-DB",
        "fuente_url": "https://github.com/GEMScienceTools/gem-global-active-faults/blob/850fd05b48841eb806d61a37043b5567f5bb99dd/geojson/gem_active_faults_harmonized.geojson",
        "licencia": "CC BY-SA 4.0",
        "descripcion": "Traza regional incorporada por GEM GAF-DB desde el catálogo Active Tectonics of the Andes. Revise la clasificación original y los metadatos disponibles antes de usarla a escala local.",
        "descripcion_en": "Regional trace incorporated into GEM GAF-DB from the Active Tectonics of the Andes catalog. Review the original classification and available metadata before using it at local scale."
      },
      "geometry": {
        "type": "LineString",
        "coordinates": [
          [
            -78.333337383,
            -0.068506283999966
          ],
          [
            -78.319919996,
            -0.065950590999933
          ],
          [
            -78.3077804549999,
            -0.062755974999959
          ],
          [
            -78.299474453,
            -0.055727818999969
          ],
          [
            -78.2943630669999,
            -0.044227201999945
          ]
        ]
      }
    },
    {
      "type": "Feature",
      "id": "ATA_490",
      "properties": {
        "catalog_id": "ATA_490",
        "catalog_name": "Active Tectonics of the Andes",
        "name": "QUITO FAULT",
        "slip_type": "Reverse",
        "reference": "Villagomez, 2003",
        "nombre": "Quito Fault",
        "nombre_en": "Quito Fault",
        "provincia": "Pichincha",
        "provincia_en": "Pichincha",
        "tipo_movimiento": "inversa",
        "movimiento_original": "Reverse",
        "movimiento_original_en": "Reverse",
        "fuente": "ATA (Veloza et al., 2012) vía GEM GAF-DB",
        "fuente_url": "https://github.com/GEMScienceTools/gem-global-active-faults/blob/850fd05b48841eb806d61a37043b5567f5bb99dd/geojson/gem_active_faults_harmonized.geojson",
        "licencia": "CC BY-SA 4.0",
        "descripcion": "Traza regional incorporada por GEM GAF-DB desde el catálogo Active Tectonics of the Andes. Revise la clasificación original y los metadatos disponibles antes de usarla a escala local.",
        "descripcion_en": "Regional trace incorporated into GEM GAF-DB from the Active Tectonics of the Andes catalog. Review the original classification and available metadata before using it at local scale."
      },
      "geometry": {
        "type": "LineString",
        "coordinates": [
          [
            -78.47198372,
            -0.243571243999952
          ],
          [
            -78.4694280269999,
            -0.231431702999942
          ],
          [
            -78.467511257,
            -0.221208930999978
          ],
          [
            -78.464316641,
            -0.213541852999924
          ],
          [
            -78.461122025,
            -0.207152619999931
          ],
          [
            -78.457288486,
            -0.196929848999957
          ],
          [
            -78.459205256,
            -0.192457386999934
          ],
          [
            -78.455651245,
            -0.184750374999965
          ],
          [
            -78.451697908,
            -0.175765517999935
          ],
          [
            -78.447385176,
            -0.170374602999971
          ],
          [
            -78.445947599,
            -0.158155196999928
          ],
          [
            -78.444510022,
            -0.150967310999931
          ],
          [
            -78.4452288099999,
            -0.14126366399995
          ],
          [
            -78.447744571,
            -0.131919411999945
          ],
          [
            -78.449182148,
            -0.126528497999971
          ],
          [
            -78.4521771,
            -0.119220813999959
          ]
        ]
      }
    },
    {
      "type": "Feature",
      "id": "SA_179",
      "properties": {
        "average_dip": "(72.0,,)",
        "catalog_id": "SA_179",
        "catalog_name": "SARA",
        "dip_dir": "NW",
        "lower_seis_depth": "(24.2,,)",
        "name": "Afiladores",
        "net_slip_rate": "(6.0,5,7)",
        "slip_type": "Reverse-Dextral",
        "upper_seis_depth": "(0.0,,)",
        "downthrown_side_id": "None",
        "nombre": "Afiladores",
        "nombre_en": "Afiladores",
        "provincia": "Sucumbíos",
        "provincia_en": "Sucumbíos",
        "tipo_movimiento": "dextral",
        "movimiento_original": "Reverse-Dextral",
        "movimiento_original_en": "Reverse-Dextral",
        "fuente": "SARA (Alvarado et al., 2017) vía GEM GAF-DB",
        "fuente_url": "https://github.com/GEMScienceTools/gem-global-active-faults/blob/850fd05b48841eb806d61a37043b5567f5bb99dd/geojson/gem_active_faults_harmonized.geojson",
        "licencia": "CC BY-SA 4.0",
        "descripcion": "Traza regional incorporada por GEM GAF-DB desde el catálogo SARA. Revise la clasificación original y los metadatos disponibles antes de usarla a escala local.",
        "descripcion_en": "Regional trace incorporated into GEM GAF-DB from the SARA catalog. Review the original classification and available metadata before using it at local scale."
      },
      "geometry": {
        "type": "LineString",
        "coordinates": [
          [
            -77.18590875,
            0.996932755000046
          ],
          [
            -77.2818761185361,
            0.934443138843412
          ],
          [
            -77.2966184149999,
            0.904968942000039
          ],
          [
            -77.3232098949999,
            0.805348427000069
          ],
          [
            -77.3993228729999,
            0.744068458000072
          ],
          [
            -77.4814677,
            0.643731592000051
          ]
        ]
      }
    },
    {
      "type": "Feature",
      "id": "SA_332",
      "properties": {
        "average_dip": "(90,,)",
        "catalog_id": "SA_332",
        "catalog_name": "SARA",
        "dip_dir": "VERTICAL",
        "lower_seis_depth": "(28.0,,)",
        "name": "Troncal",
        "net_slip_rate": "(5.5,4,7)",
        "slip_type": "Dextral",
        "upper_seis_depth": "(0.0,,)",
        "downthrown_side_id": "None",
        "nombre": "Troncal",
        "nombre_en": "Troncal",
        "provincia": "Cañar, Guayas",
        "provincia_en": "Cañar, Guayas",
        "tipo_movimiento": "dextral",
        "movimiento_original": "Dextral",
        "movimiento_original_en": "Dextral",
        "fuente": "SARA (Alvarado et al., 2017) vía GEM GAF-DB",
        "fuente_url": "https://github.com/GEMScienceTools/gem-global-active-faults/blob/850fd05b48841eb806d61a37043b5567f5bb99dd/geojson/gem_active_faults_harmonized.geojson",
        "licencia": "CC BY-SA 4.0",
        "descripcion": "Traza regional incorporada por GEM GAF-DB desde el catálogo SARA. Revise la clasificación original y los metadatos disponibles antes de usarla a escala local.",
        "descripcion_en": "Regional trace incorporated into GEM GAF-DB from the SARA catalog. Review the original classification and available metadata before using it at local scale."
      },
      "geometry": {
        "type": "LineString",
        "coordinates": [
          [
            -79.5024127787266,
            -2.52185566100979
          ],
          [
            -79.2728803084793,
            -2.38550467560015
          ]
        ]
      }
    },
    {
      "type": "Feature",
      "id": "SA_333",
      "properties": {
        "average_dip": "(90,,)",
        "catalog_id": "SA_333",
        "catalog_name": "SARA",
        "dip_dir": "VERTICAL",
        "lower_seis_depth": "(24.2,,)",
        "name": "Chingual",
        "net_slip_rate": "(6.0,5,7)",
        "slip_type": "Dextral",
        "upper_seis_depth": "(0.0,,)",
        "downthrown_side_id": "None",
        "nombre": "Chingual",
        "nombre_en": "Chingual",
        "provincia": "Pichincha, Sucumbíos",
        "provincia_en": "Pichincha, Sucumbíos",
        "tipo_movimiento": "dextral",
        "movimiento_original": "Dextral",
        "movimiento_original_en": "Dextral",
        "fuente": "SARA (Alvarado et al., 2017) vía GEM GAF-DB",
        "fuente_url": "https://github.com/GEMScienceTools/gem-global-active-faults/blob/850fd05b48841eb806d61a37043b5567f5bb99dd/geojson/gem_active_faults_harmonized.geojson",
        "licencia": "CC BY-SA 4.0",
        "descripcion": "Traza regional incorporada por GEM GAF-DB desde el catálogo SARA. Revise la clasificación original y los metadatos disponibles antes de usarla a escala local.",
        "descripcion_en": "Regional trace incorporated into GEM GAF-DB from the SARA catalog. Review the original classification and available metadata before using it at local scale."
      },
      "geometry": {
        "type": "LineString",
        "coordinates": [
          [
            -77.8598123525579,
            0.063748027849385
          ],
          [
            -77.7471893237282,
            0.225766584460473
          ],
          [
            -77.6535313762719,
            0.340588142728791
          ]
        ]
      }
    },
    {
      "type": "Feature",
      "id": "SA_334",
      "properties": {
        "average_dip": "(90,,)",
        "catalog_id": "SA_334",
        "catalog_name": "SARA",
        "dip_dir": "VERTICAL",
        "lower_seis_depth": "(24.2,,)",
        "name": "Rosa Florida",
        "net_slip_rate": "(1.5,1,2)",
        "slip_type": "Strike-Slip",
        "upper_seis_depth": "(0.0,,)",
        "downthrown_side_id": "None",
        "nombre": "Rosa Florida",
        "nombre_en": "Rosa Florida",
        "provincia": "Sucumbíos",
        "provincia_en": "Sucumbíos",
        "tipo_movimiento": "desconocido",
        "movimiento_original": "Strike-Slip",
        "movimiento_original_en": "Strike-Slip",
        "fuente": "SARA (Alvarado et al., 2017) vía GEM GAF-DB",
        "fuente_url": "https://github.com/GEMScienceTools/gem-global-active-faults/blob/850fd05b48841eb806d61a37043b5567f5bb99dd/geojson/gem_active_faults_harmonized.geojson",
        "licencia": "CC BY-SA 4.0",
        "descripcion": "Traza regional incorporada por GEM GAF-DB desde el catálogo SARA. Revise la clasificación original y los metadatos disponibles antes de usarla a escala local.",
        "descripcion_en": "Regional trace incorporated into GEM GAF-DB from the SARA catalog. Review the original classification and available metadata before using it at local scale."
      },
      "geometry": {
        "type": "LineString",
        "coordinates": [
          [
            -77.6600475391625,
            0.250433751616526
          ],
          [
            -77.5387435299897,
            0.396241223453842
          ],
          [
            -77.5195727430875,
            0.435185560665275
          ],
          [
            -77.4346307712929,
            0.538877846735375
          ]
        ]
      }
    },
    {
      "type": "Feature",
      "id": "SA_335",
      "properties": {
        "average_dip": "(90,,)",
        "catalog_id": "SA_335",
        "catalog_name": "SARA",
        "dip_dir": "VERTICAL",
        "lower_seis_depth": "(28.0,,)",
        "name": "Pallatanga",
        "net_slip_rate": "(3.5,3,4)",
        "slip_type": "Dextral",
        "upper_seis_depth": "(0.0,,)",
        "downthrown_side_id": "None",
        "nombre": "Pallatanga",
        "nombre_en": "Pallatanga",
        "provincia": "Bolívar, Chimborazo",
        "provincia_en": "Bolívar, Chimborazo",
        "tipo_movimiento": "dextral",
        "movimiento_original": "Dextral",
        "movimiento_original_en": "Dextral",
        "fuente": "SARA (Alvarado et al., 2017) vía GEM GAF-DB",
        "fuente_url": "https://github.com/GEMScienceTools/gem-global-active-faults/blob/850fd05b48841eb806d61a37043b5567f5bb99dd/geojson/gem_active_faults_harmonized.geojson",
        "licencia": "CC BY-SA 4.0",
        "descripcion": "Traza regional incorporada por GEM GAF-DB desde el catálogo SARA. Revise la clasificación original y los metadatos disponibles antes de usarla a escala local.",
        "descripcion_en": "Regional trace incorporated into GEM GAF-DB from the SARA catalog. Review the original classification and available metadata before using it at local scale."
      },
      "geometry": {
        "type": "LineString",
        "coordinates": [
          [
            -79.0250175945862,
            -2.08341827333447
          ],
          [
            -78.9968573311008,
            -2.06059744221801
          ],
          [
            -78.927809095813,
            -1.94210066591285
          ],
          [
            -78.9064312970665,
            -1.87837062550381
          ],
          [
            -78.8770978652741,
            -1.82284332845666
          ]
        ]
      }
    },
    {
      "type": "Feature",
      "id": "SA_336",
      "properties": {
        "average_dip": "(90,,)",
        "catalog_id": "SA_336",
        "catalog_name": "SARA",
        "dip_dir": "E",
        "lower_seis_depth": "(28.0,,)",
        "name": "Pallatanga",
        "net_slip_rate": "(3.5,3,4)",
        "slip_type": "Dextral",
        "upper_seis_depth": "(0.0,,)",
        "downthrown_side_id": "None",
        "nombre": "Pallatanga",
        "nombre_en": "Pallatanga",
        "provincia": "Chimborazo",
        "provincia_en": "Chimborazo",
        "tipo_movimiento": "dextral",
        "movimiento_original": "Dextral",
        "movimiento_original_en": "Dextral",
        "fuente": "SARA (Alvarado et al., 2017) vía GEM GAF-DB",
        "fuente_url": "https://github.com/GEMScienceTools/gem-global-active-faults/blob/850fd05b48841eb806d61a37043b5567f5bb99dd/geojson/gem_active_faults_harmonized.geojson",
        "licencia": "CC BY-SA 4.0",
        "descripcion": "Traza regional incorporada por GEM GAF-DB desde el catálogo SARA. Revise la clasificación original y los metadatos disponibles antes de usarla a escala local.",
        "descripcion_en": "Regional trace incorporated into GEM GAF-DB from the SARA catalog. Review the original classification and available metadata before using it at local scale."
      },
      "geometry": {
        "type": "LineString",
        "coordinates": [
          [
            -78.8368526182536,
            -1.76029690287959
          ],
          [
            -78.800789192667,
            -1.72652029677414
          ],
          [
            -78.7622726629529,
            -1.62347212313983
          ]
        ]
      }
    },
    {
      "type": "Feature",
      "id": "SA_337",
      "properties": {
        "average_dip": "(90,,)",
        "catalog_id": "SA_337",
        "catalog_name": "SARA",
        "dip_dir": "VERTICAL",
        "lower_seis_depth": "(28.0,,)",
        "name": "Troncal",
        "net_slip_rate": "(2.5,1,4)",
        "slip_type": "Dextral",
        "upper_seis_depth": "(0.0,,)",
        "downthrown_side_id": "None",
        "nombre": "Troncal",
        "nombre_en": "Troncal",
        "provincia": "Cañar, Guayas",
        "provincia_en": "Cañar, Guayas",
        "tipo_movimiento": "dextral",
        "movimiento_original": "Dextral",
        "movimiento_original_en": "Dextral",
        "fuente": "SARA (Alvarado et al., 2017) vía GEM GAF-DB",
        "fuente_url": "https://github.com/GEMScienceTools/gem-global-active-faults/blob/850fd05b48841eb806d61a37043b5567f5bb99dd/geojson/gem_active_faults_harmonized.geojson",
        "licencia": "CC BY-SA 4.0",
        "descripcion": "Traza regional incorporada por GEM GAF-DB desde el catálogo SARA. Revise la clasificación original y los metadatos disponibles antes de usarla a escala local.",
        "descripcion_en": "Regional trace incorporated into GEM GAF-DB from the SARA catalog. Review the original classification and available metadata before using it at local scale."
      },
      "geometry": {
        "type": "LineString",
        "coordinates": [
          [
            -79.3509891558247,
            -2.41867783751201
          ],
          [
            -79.2365852319228,
            -2.32859771960892
          ],
          [
            -79.1445047070264,
            -2.28663578731158
          ],
          [
            -79.1299524982091,
            -2.26533987183746
          ],
          [
            -79.1311356049241,
            -2.23990308376017
          ]
        ]
      }
    },
    {
      "type": "Feature",
      "id": "SA_338",
      "properties": {
        "average_dip": "(90,,)",
        "catalog_id": "SA_338",
        "catalog_name": "SARA",
        "dip_dir": "VERTICAL",
        "lower_seis_depth": "(28.0,,)",
        "name": "Troncal",
        "net_slip_rate": "(5.5,4,7)",
        "slip_type": "Reverse-Strike-Slip",
        "upper_seis_depth": "(0.0,,)",
        "downthrown_side_id": "None",
        "nombre": "Troncal",
        "nombre_en": "Troncal",
        "provincia": "Cañar",
        "provincia_en": "Cañar",
        "tipo_movimiento": "inversa",
        "movimiento_original": "Reverse-Strike-Slip",
        "movimiento_original_en": "Reverse-Strike-Slip",
        "fuente": "SARA (Alvarado et al., 2017) vía GEM GAF-DB",
        "fuente_url": "https://github.com/GEMScienceTools/gem-global-active-faults/blob/850fd05b48841eb806d61a37043b5567f5bb99dd/geojson/gem_active_faults_harmonized.geojson",
        "licencia": "CC BY-SA 4.0",
        "descripcion": "Traza regional incorporada por GEM GAF-DB desde el catálogo SARA. Revise la clasificación original y los metadatos disponibles antes de usarla a escala local.",
        "descripcion_en": "Regional trace incorporated into GEM GAF-DB from the SARA catalog. Review the original classification and available metadata before using it at local scale."
      },
      "geometry": {
        "type": "LineString",
        "coordinates": [
          [
            -79.3499950686174,
            -2.53619682232534
          ],
          [
            -79.3132063757735,
            -2.51214267624334
          ],
          [
            -79.2065776206605,
            -2.40674970653356
          ],
          [
            -79.1903942664821,
            -2.38562568387806
          ],
          [
            -79.1526925621119,
            -2.29595241926859
          ]
        ]
      }
    },
    {
      "type": "Feature",
      "id": "SA_339",
      "properties": {
        "average_dip": "(90,,)",
        "catalog_id": "SA_339",
        "catalog_name": "SARA",
        "dip_dir": "VERTICAL",
        "lower_seis_depth": "(28.0,,)",
        "name": "Apuela",
        "net_slip_rate": "(1.5,1.0,2.0)",
        "slip_type": "Dextral",
        "upper_seis_depth": "(0.0,,)",
        "downthrown_side_id": "None",
        "nombre": "Apuela",
        "nombre_en": "Apuela",
        "provincia": "Imbabura, Pichincha",
        "provincia_en": "Imbabura, Pichincha",
        "tipo_movimiento": "dextral",
        "movimiento_original": "Dextral",
        "movimiento_original_en": "Dextral",
        "fuente": "SARA (Alvarado et al., 2017) vía GEM GAF-DB",
        "fuente_url": "https://github.com/GEMScienceTools/gem-global-active-faults/blob/850fd05b48841eb806d61a37043b5567f5bb99dd/geojson/gem_active_faults_harmonized.geojson",
        "licencia": "CC BY-SA 4.0",
        "descripcion": "Traza regional incorporada por GEM GAF-DB desde el catálogo SARA. Revise la clasificación original y los metadatos disponibles antes de usarla a escala local.",
        "descripcion_en": "Regional trace incorporated into GEM GAF-DB from the SARA catalog. Review the original classification and available metadata before using it at local scale."
      },
      "geometry": {
        "type": "LineString",
        "coordinates": [
          [
            -78.630987006445,
            0.195225900055391
          ],
          [
            -78.5898908137099,
            0.247173132734076
          ],
          [
            -78.5583050505375,
            0.32013886611594
          ],
          [
            -78.4887764216944,
            0.404438677003498
          ],
          [
            -78.443319849831,
            0.427572825625589
          ]
        ]
      }
    },
    {
      "type": "Feature",
      "id": "SA_340",
      "properties": {
        "average_dip": "(90,,)",
        "catalog_id": "SA_340",
        "catalog_name": "SARA",
        "dip_dir": "VERTICAL",
        "lower_seis_depth": "(24.2,,)",
        "name": "Chingual",
        "net_slip_rate": "(6.0,5,7)",
        "slip_type": "Dextral",
        "upper_seis_depth": "(0.0,,)",
        "downthrown_side_id": "None",
        "nombre": "Chingual",
        "nombre_en": "Chingual",
        "provincia": "Sucumbíos",
        "provincia_en": "Sucumbíos",
        "tipo_movimiento": "dextral",
        "movimiento_original": "Dextral",
        "movimiento_original_en": "Dextral",
        "fuente": "SARA (Alvarado et al., 2017) vía GEM GAF-DB",
        "fuente_url": "https://github.com/GEMScienceTools/gem-global-active-faults/blob/850fd05b48841eb806d61a37043b5567f5bb99dd/geojson/gem_active_faults_harmonized.geojson",
        "licencia": "CC BY-SA 4.0",
        "descripcion": "Traza regional incorporada por GEM GAF-DB desde el catálogo SARA. Revise la clasificación original y los metadatos disponibles antes de usarla a escala local.",
        "descripcion_en": "Regional trace incorporated into GEM GAF-DB from the SARA catalog. Review the original classification and available metadata before using it at local scale."
      },
      "geometry": {
        "type": "LineString",
        "coordinates": [
          [
            -77.5971154941845,
            0.421523663586356
          ],
          [
            -77.5236323538499,
            0.53190813775052
          ],
          [
            -77.4821345535667,
            0.613295221697285
          ],
          [
            -77.477554091448,
            0.64351437688714
          ]
        ]
      }
    },
    {
      "type": "Feature",
      "id": "SA_341",
      "properties": {
        "average_dip": "(60,,)",
        "catalog_id": "SA_341",
        "catalog_name": "SARA",
        "dip_dir": "E",
        "lower_seis_depth": "(23.2,,)",
        "name": "Billecocha",
        "net_slip_rate": "(1.5,1.0,2.0)",
        "slip_type": "Normal",
        "upper_seis_depth": "(0.0,,)",
        "downthrown_side_id": "None",
        "nombre": "Billecocha",
        "nombre_en": "Billecocha",
        "provincia": "Imbabura",
        "provincia_en": "Imbabura",
        "tipo_movimiento": "normal",
        "movimiento_original": "Normal",
        "movimiento_original_en": "Normal",
        "fuente": "SARA (Alvarado et al., 2017) vía GEM GAF-DB",
        "fuente_url": "https://github.com/GEMScienceTools/gem-global-active-faults/blob/850fd05b48841eb806d61a37043b5567f5bb99dd/geojson/gem_active_faults_harmonized.geojson",
        "licencia": "CC BY-SA 4.0",
        "descripcion": "Traza regional incorporada por GEM GAF-DB desde el catálogo SARA. Revise la clasificación original y los metadatos disponibles antes de usarla a escala local.",
        "descripcion_en": "Regional trace incorporated into GEM GAF-DB from the SARA catalog. Review the original classification and available metadata before using it at local scale."
      },
      "geometry": {
        "type": "LineString",
        "coordinates": [
          [
            -78.3615994573489,
            0.400049176028801
          ],
          [
            -78.3101867753992,
            0.486843161283048
          ]
        ]
      }
    },
    {
      "type": "Feature",
      "id": "SA_342",
      "properties": {
        "average_dip": "(45,,)",
        "catalog_id": "SA_342",
        "catalog_name": "SARA",
        "dip_dir": "W",
        "lower_seis_depth": "(18.0,,)",
        "name": "Quito",
        "net_slip_rate": "(1.05,0.1,2.0)",
        "slip_type": "Reverse",
        "upper_seis_depth": "(1.0,,)",
        "downthrown_side_id": "None",
        "nombre": "Quito",
        "nombre_en": "Quito",
        "provincia": "Pichincha",
        "provincia_en": "Pichincha",
        "tipo_movimiento": "inversa",
        "movimiento_original": "Reverse",
        "movimiento_original_en": "Reverse",
        "fuente": "SARA (Alvarado et al., 2017) vía GEM GAF-DB",
        "fuente_url": "https://github.com/GEMScienceTools/gem-global-active-faults/blob/850fd05b48841eb806d61a37043b5567f5bb99dd/geojson/gem_active_faults_harmonized.geojson",
        "licencia": "CC BY-SA 4.0",
        "descripcion": "Traza regional incorporada por GEM GAF-DB desde el catálogo SARA. Revise la clasificación original y los metadatos disponibles antes de usarla a escala local.",
        "descripcion_en": "Regional trace incorporated into GEM GAF-DB from the SARA catalog. Review the original classification and available metadata before using it at local scale."
      },
      "geometry": {
        "type": "LineString",
        "coordinates": [
          [
            -78.4637471811873,
            -0.107994036495427
          ],
          [
            -78.4470086008661,
            -0.147164402115322
          ],
          [
            -78.4626896441116,
            -0.194183274438387
          ]
        ]
      }
    },
    {
      "type": "Feature",
      "id": "SA_343",
      "properties": {
        "average_dip": "(90.,,)",
        "catalog_id": "SA_343",
        "catalog_name": "SARA",
        "dip_dir": "VERTICAL",
        "lower_seis_depth": "(28.0,,)",
        "name": "El Cinto - Guayacán",
        "net_slip_rate": "(0.5,0.1,1.0)",
        "slip_type": "Strike-Slip",
        "upper_seis_depth": "(0.0,,)",
        "downthrown_side_id": "None",
        "nombre": "El Cinto - Guayacán",
        "nombre_en": "El Cinto - Guayacán",
        "provincia": "Pichincha",
        "provincia_en": "Pichincha",
        "tipo_movimiento": "desconocido",
        "movimiento_original": "Strike-Slip",
        "movimiento_original_en": "Strike-Slip",
        "fuente": "SARA (Alvarado et al., 2017) vía GEM GAF-DB",
        "fuente_url": "https://github.com/GEMScienceTools/gem-global-active-faults/blob/850fd05b48841eb806d61a37043b5567f5bb99dd/geojson/gem_active_faults_harmonized.geojson",
        "licencia": "CC BY-SA 4.0",
        "descripcion": "Traza regional incorporada por GEM GAF-DB desde el catálogo SARA. Revise la clasificación original y los metadatos disponibles antes de usarla a escala local.",
        "descripcion_en": "Regional trace incorporated into GEM GAF-DB from the SARA catalog. Review the original classification and available metadata before using it at local scale."
      },
      "geometry": {
        "type": "LineString",
        "coordinates": [
          [
            -78.6103575380698,
            -0.275378009587314
          ],
          [
            -78.6415166871453,
            -0.224857834621218
          ],
          [
            -78.7005826311834,
            -0.184477121821544
          ],
          [
            -78.7144683506337,
            -0.164379371310758
          ]
        ]
      }
    },
    {
      "type": "Feature",
      "id": "SA_344",
      "properties": {
        "average_dip": "(90,,)",
        "catalog_id": "SA_344",
        "catalog_name": "SARA",
        "dip_dir": "VERTICAL",
        "lower_seis_depth": "(24.2,,)",
        "name": "Chingual",
        "net_slip_rate": "(6.0,5,7)",
        "slip_type": "Strike-Slip",
        "upper_seis_depth": "(0.0,,)",
        "downthrown_side_id": "None",
        "nombre": "Chingual",
        "nombre_en": "Chingual",
        "provincia": "Pichincha, Sucumbíos",
        "provincia_en": "Pichincha, Sucumbíos",
        "tipo_movimiento": "desconocido",
        "movimiento_original": "Strike-Slip",
        "movimiento_original_en": "Strike-Slip",
        "fuente": "SARA (Alvarado et al., 2017) vía GEM GAF-DB",
        "fuente_url": "https://github.com/GEMScienceTools/gem-global-active-faults/blob/850fd05b48841eb806d61a37043b5567f5bb99dd/geojson/gem_active_faults_harmonized.geojson",
        "licencia": "CC BY-SA 4.0",
        "descripcion": "Traza regional incorporada por GEM GAF-DB desde el catálogo SARA. Revise la clasificación original y los metadatos disponibles antes de usarla a escala local.",
        "descripcion_en": "Regional trace incorporated into GEM GAF-DB from the SARA catalog. Review the original classification and available metadata before using it at local scale."
      },
      "geometry": {
        "type": "LineString",
        "coordinates": [
          [
            -77.9078398883,
            0.063485460885488
          ],
          [
            -77.8440442252606,
            0.116976480580263
          ],
          [
            -77.8215682814509,
            0.151985020292614
          ],
          [
            -77.7599279992776,
            0.216237790741616
          ]
        ]
      }
    },
    {
      "type": "Feature",
      "id": "SA_345",
      "properties": {
        "average_dip": "(45,,)",
        "catalog_id": "SA_345",
        "catalog_name": "SARA",
        "dip_dir": "E",
        "lower_seis_depth": "(28.0,,)",
        "name": "Sardinas",
        "net_slip_rate": "(0.5,0.1,1.0)",
        "slip_type": "Reverse",
        "upper_seis_depth": "(0.0,,)",
        "downthrown_side_id": "None",
        "nombre": "Sardinas",
        "nombre_en": "Sardinas",
        "provincia": "Napo",
        "provincia_en": "Napo",
        "tipo_movimiento": "inversa",
        "movimiento_original": "Reverse",
        "movimiento_original_en": "Reverse",
        "fuente": "SARA (Alvarado et al., 2017) vía GEM GAF-DB",
        "fuente_url": "https://github.com/GEMScienceTools/gem-global-active-faults/blob/850fd05b48841eb806d61a37043b5567f5bb99dd/geojson/gem_active_faults_harmonized.geojson",
        "licencia": "CC BY-SA 4.0",
        "descripcion": "Traza regional incorporada por GEM GAF-DB desde el catálogo SARA. Revise la clasificación original y los metadatos disponibles antes de usarla a escala local.",
        "descripcion_en": "Regional trace incorporated into GEM GAF-DB from the SARA catalog. Review the original classification and available metadata before using it at local scale."
      },
      "geometry": {
        "type": "LineString",
        "coordinates": [
          [
            -77.875030988689,
            -0.468438829488207
          ],
          [
            -77.848416062651,
            -0.435976886523918
          ],
          [
            -77.8161252345918,
            -0.359890625251978
          ]
        ]
      }
    },
    {
      "type": "Feature",
      "id": "SA_346",
      "properties": {
        "average_dip": "(90,,)",
        "catalog_id": "SA_346",
        "catalog_name": "SARA",
        "dip_dir": "VERTICAL",
        "lower_seis_depth": "(28.0,,)",
        "name": "Los Bancos",
        "net_slip_rate": "(0.5,0.1,1.0)",
        "slip_type": "Strike-Slip",
        "upper_seis_depth": "(0.0,,)",
        "downthrown_side_id": "None",
        "nombre": "Los Bancos",
        "nombre_en": "Los Bancos",
        "provincia": "Pichincha",
        "provincia_en": "Pichincha",
        "tipo_movimiento": "desconocido",
        "movimiento_original": "Strike-Slip",
        "movimiento_original_en": "Strike-Slip",
        "fuente": "SARA (Alvarado et al., 2017) vía GEM GAF-DB",
        "fuente_url": "https://github.com/GEMScienceTools/gem-global-active-faults/blob/850fd05b48841eb806d61a37043b5567f5bb99dd/geojson/gem_active_faults_harmonized.geojson",
        "licencia": "CC BY-SA 4.0",
        "descripcion": "Traza regional incorporada por GEM GAF-DB desde el catálogo SARA. Revise la clasificación original y los metadatos disponibles antes de usarla a escala local.",
        "descripcion_en": "Regional trace incorporated into GEM GAF-DB from the SARA catalog. Review the original classification and available metadata before using it at local scale."
      },
      "geometry": {
        "type": "LineString",
        "coordinates": [
          [
            -78.9114035632237,
            0.009507511362699
          ],
          [
            -78.8159428617735,
            0.081215956551318
          ]
        ]
      }
    },
    {
      "type": "Feature",
      "id": "SA_347",
      "properties": {
        "average_dip": "(60,,)",
        "catalog_id": "SA_347",
        "catalog_name": "SARA",
        "dip_dir": "E",
        "lower_seis_depth": "(28.0,,)",
        "name": "Huayrapungo",
        "net_slip_rate": "(1.5,1.0,2.0)",
        "slip_type": "Normal-Strike-Slip",
        "upper_seis_depth": "(0.0,,)",
        "downthrown_side_id": "None",
        "nombre": "Huayrapungo",
        "nombre_en": "Huayrapungo",
        "provincia": "Imbabura, Pichincha",
        "provincia_en": "Imbabura, Pichincha",
        "tipo_movimiento": "normal",
        "movimiento_original": "Normal-Strike-Slip",
        "movimiento_original_en": "Normal-Strike-Slip",
        "fuente": "SARA (Alvarado et al., 2017) vía GEM GAF-DB",
        "fuente_url": "https://github.com/GEMScienceTools/gem-global-active-faults/blob/850fd05b48841eb806d61a37043b5567f5bb99dd/geojson/gem_active_faults_harmonized.geojson",
        "licencia": "CC BY-SA 4.0",
        "descripcion": "Traza regional incorporada por GEM GAF-DB desde el catálogo SARA. Revise la clasificación original y los metadatos disponibles antes de usarla a escala local.",
        "descripcion_en": "Regional trace incorporated into GEM GAF-DB from the SARA catalog. Review the original classification and available metadata before using it at local scale."
      },
      "geometry": {
        "type": "LineString",
        "coordinates": [
          [
            -78.5217965324838,
            0.091731025966226
          ],
          [
            -78.5203799464772,
            0.129407649143843
          ],
          [
            -78.4979859470936,
            0.194008313333143
          ],
          [
            -78.4611341137482,
            0.25486777262978
          ]
        ]
      }
    },
    {
      "type": "Feature",
      "id": "SA_348",
      "properties": {
        "average_dip": "(90,,)",
        "catalog_id": "SA_348",
        "catalog_name": "SARA",
        "dip_dir": "VERTICAL",
        "lower_seis_depth": "(28.0,,)",
        "name": "Apuela",
        "net_slip_rate": "(0.5,0.1,1.0)",
        "slip_type": "Strike-Slip",
        "upper_seis_depth": "(0.0,,)",
        "downthrown_side_id": "None",
        "nombre": "Apuela",
        "nombre_en": "Apuela",
        "provincia": "Imbabura, Pichincha",
        "provincia_en": "Imbabura, Pichincha",
        "tipo_movimiento": "desconocido",
        "movimiento_original": "Strike-Slip",
        "movimiento_original_en": "Strike-Slip",
        "fuente": "SARA (Alvarado et al., 2017) vía GEM GAF-DB",
        "fuente_url": "https://github.com/GEMScienceTools/gem-global-active-faults/blob/850fd05b48841eb806d61a37043b5567f5bb99dd/geojson/gem_active_faults_harmonized.geojson",
        "licencia": "CC BY-SA 4.0",
        "descripcion": "Traza regional incorporada por GEM GAF-DB desde el catálogo SARA. Revise la clasificación original y los metadatos disponibles antes de usarla a escala local.",
        "descripcion_en": "Regional trace incorporated into GEM GAF-DB from the SARA catalog. Review the original classification and available metadata before using it at local scale."
      },
      "geometry": {
        "type": "LineString",
        "coordinates": [
          [
            -78.6326709141312,
            0.212275716851025
          ],
          [
            -78.598780376513,
            0.24801763750412
          ],
          [
            -78.5905592986725,
            0.273734001423179
          ],
          [
            -78.5707247518457,
            0.299027184856868
          ]
        ]
      }
    },
    {
      "type": "Feature",
      "id": "SA_349",
      "properties": {
        "average_dip": "(90,,)",
        "catalog_id": "SA_349",
        "catalog_name": "SARA",
        "dip_dir": "VERTICAL",
        "lower_seis_depth": "(28.0,,)",
        "name": "Apuela",
        "net_slip_rate": "(0.5,0.1,1.0)",
        "slip_type": "Dextral",
        "upper_seis_depth": "(0.0,,)",
        "downthrown_side_id": "None",
        "nombre": "Apuela",
        "nombre_en": "Apuela",
        "provincia": "Imbabura, Pichincha",
        "provincia_en": "Imbabura, Pichincha",
        "tipo_movimiento": "dextral",
        "movimiento_original": "Dextral",
        "movimiento_original_en": "Dextral",
        "fuente": "SARA (Alvarado et al., 2017) vía GEM GAF-DB",
        "fuente_url": "https://github.com/GEMScienceTools/gem-global-active-faults/blob/850fd05b48841eb806d61a37043b5567f5bb99dd/geojson/gem_active_faults_harmonized.geojson",
        "licencia": "CC BY-SA 4.0",
        "descripcion": "Traza regional incorporada por GEM GAF-DB desde el catálogo SARA. Revise la clasificación original y los metadatos disponibles antes de usarla a escala local.",
        "descripcion_en": "Regional trace incorporated into GEM GAF-DB from the SARA catalog. Review the original classification and available metadata before using it at local scale."
      },
      "geometry": {
        "type": "LineString",
        "coordinates": [
          [
            -78.6583106666038,
            0.192174570500185
          ],
          [
            -78.6194452988613,
            0.21693952993553
          ],
          [
            -78.5755499248889,
            0.288461689555504
          ]
        ]
      }
    },
    {
      "type": "Feature",
      "id": "SA_350",
      "properties": {
        "average_dip": "(45,,)",
        "catalog_id": "SA_350",
        "catalog_name": "SARA",
        "dip_dir": "W",
        "lower_seis_depth": "(28.0,,)",
        "name": "Pallatanga",
        "net_slip_rate": "(3.5,3,4)",
        "slip_type": "Dextral-Reverse",
        "upper_seis_depth": "(0.0,,)",
        "downthrown_side_id": "None",
        "nombre": "Pallatanga",
        "nombre_en": "Pallatanga",
        "provincia": "Chimborazo",
        "provincia_en": "Chimborazo",
        "tipo_movimiento": "dextral",
        "movimiento_original": "Dextral-Reverse",
        "movimiento_original_en": "Dextral-Reverse",
        "fuente": "SARA (Alvarado et al., 2017) vía GEM GAF-DB",
        "fuente_url": "https://github.com/GEMScienceTools/gem-global-active-faults/blob/850fd05b48841eb806d61a37043b5567f5bb99dd/geojson/gem_active_faults_harmonized.geojson",
        "licencia": "CC BY-SA 4.0",
        "descripcion": "Traza regional incorporada por GEM GAF-DB desde el catálogo SARA. Revise la clasificación original y los metadatos disponibles antes de usarla a escala local.",
        "descripcion_en": "Regional trace incorporated into GEM GAF-DB from the SARA catalog. Review the original classification and available metadata before using it at local scale."
      },
      "geometry": {
        "type": "LineString",
        "coordinates": [
          [
            -78.7906488302792,
            -1.68742080672467
          ],
          [
            -78.863263883821,
            -1.80394734739201
          ]
        ]
      }
    },
    {
      "type": "Feature",
      "id": "SA_351",
      "properties": {
        "average_dip": "(90,,)",
        "catalog_id": "SA_351",
        "catalog_name": "SARA",
        "dip_dir": "VERTICAL",
        "lower_seis_depth": "(28.0,,)",
        "name": "Pallatanga",
        "net_slip_rate": "(3.5,3,4)",
        "slip_type": "Dextral",
        "upper_seis_depth": "(0.0,,)",
        "downthrown_side_id": "None",
        "nombre": "Pallatanga",
        "nombre_en": "Pallatanga",
        "provincia": "Chimborazo, Guayas",
        "provincia_en": "Chimborazo, Guayas",
        "tipo_movimiento": "dextral",
        "movimiento_original": "Dextral",
        "movimiento_original_en": "Dextral",
        "fuente": "SARA (Alvarado et al., 2017) vía GEM GAF-DB",
        "fuente_url": "https://github.com/GEMScienceTools/gem-global-active-faults/blob/850fd05b48841eb806d61a37043b5567f5bb99dd/geojson/gem_active_faults_harmonized.geojson",
        "licencia": "CC BY-SA 4.0",
        "descripcion": "Traza regional incorporada por GEM GAF-DB desde el catálogo SARA. Revise la clasificación original y los metadatos disponibles antes de usarla a escala local.",
        "descripcion_en": "Regional trace incorporated into GEM GAF-DB from the SARA catalog. Review the original classification and available metadata before using it at local scale."
      },
      "geometry": {
        "type": "LineString",
        "coordinates": [
          [
            -79.1871482903612,
            -2.2564965233957
          ],
          [
            -79.158059599171,
            -2.22347692881704
          ],
          [
            -79.0849944565288,
            -2.18839817543528
          ],
          [
            -79.0233387240028,
            -2.11903459017401
          ]
        ]
      }
    },
    {
      "type": "Feature",
      "id": "SA_352",
      "properties": {
        "average_dip": "(90,,)",
        "catalog_id": "SA_352",
        "catalog_name": "SARA",
        "dip_dir": "VERTICAL",
        "lower_seis_depth": "(28.0,,)",
        "name": "Pallatanga",
        "net_slip_rate": "(3.5,3,4)",
        "slip_type": "Dextral",
        "upper_seis_depth": "(0.0,,)",
        "downthrown_side_id": "None",
        "nombre": "Pallatanga",
        "nombre_en": "Pallatanga",
        "provincia": "Bolívar, Chimborazo, Guayas",
        "provincia_en": "Bolívar, Chimborazo, Guayas",
        "tipo_movimiento": "dextral",
        "movimiento_original": "Dextral",
        "movimiento_original_en": "Dextral",
        "fuente": "SARA (Alvarado et al., 2017) vía GEM GAF-DB",
        "fuente_url": "https://github.com/GEMScienceTools/gem-global-active-faults/blob/850fd05b48841eb806d61a37043b5567f5bb99dd/geojson/gem_active_faults_harmonized.geojson",
        "licencia": "CC BY-SA 4.0",
        "descripcion": "Traza regional incorporada por GEM GAF-DB desde el catálogo SARA. Revise la clasificación original y los metadatos disponibles antes de usarla a escala local.",
        "descripcion_en": "Regional trace incorporated into GEM GAF-DB from the SARA catalog. Review the original classification and available metadata before using it at local scale."
      },
      "geometry": {
        "type": "LineString",
        "coordinates": [
          [
            -79.1455083027658,
            -2.20087437035573
          ],
          [
            -79.0819313539487,
            -2.17226076132494
          ],
          [
            -79.0152801428641,
            -2.10392475042676
          ]
        ]
      }
    },
    {
      "type": "Feature",
      "id": "SA_353",
      "properties": {
        "average_dip": "(90,,)",
        "catalog_id": "SA_353",
        "catalog_name": "SARA",
        "dip_dir": "VERTICAL",
        "lower_seis_depth": "(20.0,,)",
        "name": "Río Tigua",
        "net_slip_rate": "(0.5,0.1,1.0)",
        "slip_type": "Dextral",
        "upper_seis_depth": "(1.0,,)",
        "downthrown_side_id": "None",
        "nombre": "Río Tigua",
        "nombre_en": "Río Tigua",
        "provincia": "Esmeraldas, Manabí",
        "provincia_en": "Esmeraldas, Manabí",
        "tipo_movimiento": "dextral",
        "movimiento_original": "Dextral",
        "movimiento_original_en": "Dextral",
        "fuente": "SARA (Alvarado et al., 2017) vía GEM GAF-DB",
        "fuente_url": "https://github.com/GEMScienceTools/gem-global-active-faults/blob/850fd05b48841eb806d61a37043b5567f5bb99dd/geojson/gem_active_faults_harmonized.geojson",
        "licencia": "CC BY-SA 4.0",
        "descripcion": "Traza regional incorporada por GEM GAF-DB desde el catálogo SARA. Revise la clasificación original y los metadatos disponibles antes de usarla a escala local.",
        "descripcion_en": "Regional trace incorporated into GEM GAF-DB from the SARA catalog. Review the original classification and available metadata before using it at local scale."
      },
      "geometry": {
        "type": "LineString",
        "coordinates": [
          [
            -79.906338957177,
            0.315480911215218
          ],
          [
            -79.8068631614056,
            0.33594207236888
          ]
        ]
      }
    },
    {
      "type": "Feature",
      "id": "SA_354",
      "properties": {
        "average_dip": "(90,,)",
        "catalog_id": "SA_354",
        "catalog_name": "SARA",
        "dip_dir": "VERTICAL",
        "lower_seis_depth": "(20.0,,)",
        "name": "La Boca",
        "net_slip_rate": "(0.5,0.1,1.0)",
        "slip_type": "Dextral",
        "upper_seis_depth": "(1.0,,)",
        "downthrown_side_id": "None",
        "nombre": "La Boca",
        "nombre_en": "La Boca",
        "provincia": "Esmeraldas",
        "provincia_en": "Esmeraldas",
        "tipo_movimiento": "dextral",
        "movimiento_original": "Dextral",
        "movimiento_original_en": "Dextral",
        "fuente": "SARA (Alvarado et al., 2017) vía GEM GAF-DB",
        "fuente_url": "https://github.com/GEMScienceTools/gem-global-active-faults/blob/850fd05b48841eb806d61a37043b5567f5bb99dd/geojson/gem_active_faults_harmonized.geojson",
        "licencia": "CC BY-SA 4.0",
        "descripcion": "Traza regional incorporada por GEM GAF-DB desde el catálogo SARA. Revise la clasificación original y los metadatos disponibles antes de usarla a escala local.",
        "descripcion_en": "Regional trace incorporated into GEM GAF-DB from the SARA catalog. Review the original classification and available metadata before using it at local scale."
      },
      "geometry": {
        "type": "LineString",
        "coordinates": [
          [
            -78.8810121941573,
            1.08233412032354
          ],
          [
            -78.8138396155057,
            1.10604208947103
          ],
          [
            -78.7605622738297,
            1.1452135486665
          ]
        ]
      }
    },
    {
      "type": "Feature",
      "id": "SA_355",
      "properties": {
        "average_dip": "(60,,)",
        "catalog_id": "SA_355",
        "catalog_name": "SARA",
        "dip_dir": "W",
        "lower_seis_depth": "(28.0,,)",
        "name": "Santa Rosa segmento",
        "net_slip_rate": "(0.5,0.1,1.0)",
        "slip_type": "Reverse-Strike-Slip",
        "upper_seis_depth": "(0.0,,)",
        "downthrown_side_id": "None",
        "nombre": "Santa Rosa segmento",
        "nombre_en": "Santa Rosa segmento",
        "provincia": "Napo",
        "provincia_en": "Napo",
        "tipo_movimiento": "inversa",
        "movimiento_original": "Reverse-Strike-Slip",
        "movimiento_original_en": "Reverse-Strike-Slip",
        "fuente": "SARA (Alvarado et al., 2017) vía GEM GAF-DB",
        "fuente_url": "https://github.com/GEMScienceTools/gem-global-active-faults/blob/850fd05b48841eb806d61a37043b5567f5bb99dd/geojson/gem_active_faults_harmonized.geojson",
        "licencia": "CC BY-SA 4.0",
        "descripcion": "Traza regional incorporada por GEM GAF-DB desde el catálogo SARA. Revise la clasificación original y los metadatos disponibles antes de usarla a escala local.",
        "descripcion_en": "Regional trace incorporated into GEM GAF-DB from the SARA catalog. Review the original classification and available metadata before using it at local scale."
      },
      "geometry": {
        "type": "LineString",
        "coordinates": [
          [
            -77.8586868600104,
            -0.295487830798606
          ],
          [
            -77.8628286175465,
            -0.324723760792779
          ],
          [
            -77.8498850377641,
            -0.380522901310712
          ],
          [
            -77.8821188739867,
            -0.427524333081351
          ]
        ]
      }
    },
    {
      "type": "Feature",
      "id": "SA_356",
      "properties": {
        "average_dip": "(75,,)",
        "catalog_id": "SA_356",
        "catalog_name": "SARA",
        "dip_dir": "W",
        "lower_seis_depth": "(20.0,,)",
        "name": "San Lorenzo",
        "net_slip_rate": "(0.5,0.1,1.0)",
        "slip_type": "Normal",
        "upper_seis_depth": "(1.0,,)",
        "downthrown_side_id": "None",
        "nombre": "San Lorenzo",
        "nombre_en": "San Lorenzo",
        "provincia": "Esmeraldas",
        "provincia_en": "Esmeraldas",
        "tipo_movimiento": "normal",
        "movimiento_original": "Normal",
        "movimiento_original_en": "Normal",
        "fuente": "SARA (Alvarado et al., 2017) vía GEM GAF-DB",
        "fuente_url": "https://github.com/GEMScienceTools/gem-global-active-faults/blob/850fd05b48841eb806d61a37043b5567f5bb99dd/geojson/gem_active_faults_harmonized.geojson",
        "licencia": "CC BY-SA 4.0",
        "descripcion": "Traza regional incorporada por GEM GAF-DB desde el catálogo SARA. Revise la clasificación original y los metadatos disponibles antes de usarla a escala local.",
        "descripcion_en": "Regional trace incorporated into GEM GAF-DB from the SARA catalog. Review the original classification and available metadata before using it at local scale."
      },
      "geometry": {
        "type": "LineString",
        "coordinates": [
          [
            -78.799709498994,
            1.41804304515057
          ],
          [
            -78.8257332880606,
            1.32569924552394
          ],
          [
            -78.877800956149,
            1.20896477980091
          ],
          [
            -78.9077181549687,
            1.17170939996902
          ],
          [
            -78.9768134544772,
            1.11428292541683
          ]
        ]
      }
    },
    {
      "type": "Feature",
      "id": "SA_357",
      "properties": {
        "average_dip": "(90,,)",
        "catalog_id": "SA_357",
        "catalog_name": "SARA",
        "dip_dir": "VERTICAL",
        "lower_seis_depth": "(20.0,,)",
        "name": "Jama",
        "net_slip_rate": "(1.5,1.0,2.0)",
        "slip_type": "Strike-Slip",
        "upper_seis_depth": "(1.0,,)",
        "downthrown_side_id": "None",
        "nombre": "Jama",
        "nombre_en": "Jama",
        "provincia": "Manabí",
        "provincia_en": "Manabí",
        "tipo_movimiento": "desconocido",
        "movimiento_original": "Strike-Slip",
        "movimiento_original_en": "Strike-Slip",
        "fuente": "SARA (Alvarado et al., 2017) vía GEM GAF-DB",
        "fuente_url": "https://github.com/GEMScienceTools/gem-global-active-faults/blob/850fd05b48841eb806d61a37043b5567f5bb99dd/geojson/gem_active_faults_harmonized.geojson",
        "licencia": "CC BY-SA 4.0",
        "descripcion": "Traza regional incorporada por GEM GAF-DB desde el catálogo SARA. Revise la clasificación original y los metadatos disponibles antes de usarla a escala local.",
        "descripcion_en": "Regional trace incorporated into GEM GAF-DB from the SARA catalog. Review the original classification and available metadata before using it at local scale."
      },
      "geometry": {
        "type": "LineString",
        "coordinates": [
          [
            -80.2296043882318,
            -0.321319705439919
          ],
          [
            -80.188719730431,
            -0.276163712185394
          ],
          [
            -80.1278499226357,
            -0.228486715988993
          ]
        ]
      }
    },
    {
      "type": "Feature",
      "id": "SA_358",
      "properties": {
        "average_dip": "(90,,)",
        "catalog_id": "SA_358",
        "catalog_name": "SARA",
        "dip_dir": "VERTICAL",
        "lower_seis_depth": "(18.0,,)",
        "name": "Quizapincha",
        "net_slip_rate": "(1.5,1.0,2.0)",
        "slip_type": "Strike-Slip",
        "upper_seis_depth": "(1.0,,)",
        "downthrown_side_id": "None",
        "nombre": "Quizapincha",
        "nombre_en": "Quizapincha",
        "provincia": "Tungurahua",
        "provincia_en": "Tungurahua",
        "tipo_movimiento": "desconocido",
        "movimiento_original": "Strike-Slip",
        "movimiento_original_en": "Strike-Slip",
        "fuente": "SARA (Alvarado et al., 2017) vía GEM GAF-DB",
        "fuente_url": "https://github.com/GEMScienceTools/gem-global-active-faults/blob/850fd05b48841eb806d61a37043b5567f5bb99dd/geojson/gem_active_faults_harmonized.geojson",
        "licencia": "CC BY-SA 4.0",
        "descripcion": "Traza regional incorporada por GEM GAF-DB desde el catálogo SARA. Revise la clasificación original y los metadatos disponibles antes de usarla a escala local.",
        "descripcion_en": "Regional trace incorporated into GEM GAF-DB from the SARA catalog. Review the original classification and available metadata before using it at local scale."
      },
      "geometry": {
        "type": "LineString",
        "coordinates": [
          [
            -78.698663798995,
            -1.22343638757906
          ],
          [
            -78.616869826681,
            -1.16630226373832
          ]
        ]
      }
    },
    {
      "type": "Feature",
      "id": "SA_359",
      "properties": {
        "average_dip": "(90,,)",
        "catalog_id": "SA_359",
        "catalog_name": "SARA",
        "dip_dir": "VERTICAL",
        "lower_seis_depth": "(18.0,,)",
        "name": "Rio Coyago",
        "net_slip_rate": "(1.05,0.1,2.0)",
        "slip_type": "Dextral",
        "upper_seis_depth": "(1.0,,)",
        "downthrown_side_id": "None",
        "nombre": "Rio Coyago",
        "nombre_en": "Rio Coyago",
        "provincia": "Pichincha",
        "provincia_en": "Pichincha",
        "tipo_movimiento": "dextral",
        "movimiento_original": "Dextral",
        "movimiento_original_en": "Dextral",
        "fuente": "SARA (Alvarado et al., 2017) vía GEM GAF-DB",
        "fuente_url": "https://github.com/GEMScienceTools/gem-global-active-faults/blob/850fd05b48841eb806d61a37043b5567f5bb99dd/geojson/gem_active_faults_harmonized.geojson",
        "licencia": "CC BY-SA 4.0",
        "descripcion": "Traza regional incorporada por GEM GAF-DB desde el catálogo SARA. Revise la clasificación original y los metadatos disponibles antes de usarla a escala local.",
        "descripcion_en": "Regional trace incorporated into GEM GAF-DB from the SARA catalog. Review the original classification and available metadata before using it at local scale."
      },
      "geometry": {
        "type": "LineString",
        "coordinates": [
          [
            -78.3861918206958,
            -0.056432907952171
          ],
          [
            -78.3099392352074,
            -0.01208296265844
          ]
        ]
      }
    },
    {
      "type": "Feature",
      "id": "SA_360",
      "properties": {
        "average_dip": "(90,,)",
        "catalog_id": "SA_360",
        "catalog_name": "SARA",
        "dip_dir": "VERTICAL",
        "lower_seis_depth": "(18.0,,)",
        "name": "Rio Uravia",
        "net_slip_rate": "(1.05,0.1,2.0)",
        "slip_type": "Strike-Slip",
        "upper_seis_depth": "(1.0,,)",
        "downthrown_side_id": "None",
        "nombre": "Rio Uravia",
        "nombre_en": "Rio Uravia",
        "provincia": "Pichincha",
        "provincia_en": "Pichincha",
        "tipo_movimiento": "desconocido",
        "movimiento_original": "Strike-Slip",
        "movimiento_original_en": "Strike-Slip",
        "fuente": "SARA (Alvarado et al., 2017) vía GEM GAF-DB",
        "fuente_url": "https://github.com/GEMScienceTools/gem-global-active-faults/blob/850fd05b48841eb806d61a37043b5567f5bb99dd/geojson/gem_active_faults_harmonized.geojson",
        "licencia": "CC BY-SA 4.0",
        "descripcion": "Traza regional incorporada por GEM GAF-DB desde el catálogo SARA. Revise la clasificación original y los metadatos disponibles antes de usarla a escala local.",
        "descripcion_en": "Regional trace incorporated into GEM GAF-DB from the SARA catalog. Review the original classification and available metadata before using it at local scale."
      },
      "geometry": {
        "type": "LineString",
        "coordinates": [
          [
            -78.3891263274179,
            -0.099607555344221
          ],
          [
            -78.3631071230951,
            -0.086242569438866
          ],
          [
            -78.2964596666801,
            -0.029399826840347
          ],
          [
            -78.2022389981311,
            0.022645159446711
          ]
        ]
      }
    },
    {
      "type": "Feature",
      "id": "SA_361",
      "properties": {
        "average_dip": "(45,,)",
        "catalog_id": "SA_361",
        "catalog_name": "SARA",
        "dip_dir": "NW",
        "lower_seis_depth": "(23.2,,)",
        "name": "El Angel",
        "net_slip_rate": "(1.5,1.0,2.0)",
        "slip_type": "Reverse",
        "upper_seis_depth": "(0.0,,)",
        "downthrown_side_id": "None",
        "nombre": "El Angel",
        "nombre_en": "El Angel",
        "provincia": "Carchi",
        "provincia_en": "Carchi",
        "tipo_movimiento": "inversa",
        "movimiento_original": "Reverse",
        "movimiento_original_en": "Reverse",
        "fuente": "SARA (Alvarado et al., 2017) vía GEM GAF-DB",
        "fuente_url": "https://github.com/GEMScienceTools/gem-global-active-faults/blob/850fd05b48841eb806d61a37043b5567f5bb99dd/geojson/gem_active_faults_harmonized.geojson",
        "licencia": "CC BY-SA 4.0",
        "descripcion": "Traza regional incorporada por GEM GAF-DB desde el catálogo SARA. Revise la clasificación original y los metadatos disponibles antes de usarla a escala local.",
        "descripcion_en": "Regional trace incorporated into GEM GAF-DB from the SARA catalog. Review the original classification and available metadata before using it at local scale."
      },
      "geometry": {
        "type": "LineString",
        "coordinates": [
          [
            -77.6151772155559,
            1.05912705197204
          ],
          [
            -77.627991531284,
            1.05271989410801
          ],
          [
            -77.6495195455904,
            1.01863615243667
          ],
          [
            -77.7351564819859,
            0.960191987070687
          ],
          [
            -77.7708723609705,
            0.88835436776003
          ],
          [
            -77.771684085452,
            0.873337463952964
          ],
          [
            -77.8115218077813,
            0.816263573629074
          ]
        ]
      }
    },
    {
      "type": "Feature",
      "id": "SA_362",
      "properties": {
        "average_dip": "(45,,)",
        "catalog_id": "SA_362",
        "catalog_name": "SARA",
        "dip_dir": "NW",
        "lower_seis_depth": "(24.2,,)",
        "name": "San Gabriel",
        "net_slip_rate": "(1.5,1.0,2.0)",
        "slip_type": "Reverse-Strike-Slip",
        "upper_seis_depth": "(0.0,,)",
        "downthrown_side_id": "None",
        "nombre": "San Gabriel",
        "nombre_en": "San Gabriel",
        "provincia": "Carchi",
        "provincia_en": "Carchi",
        "tipo_movimiento": "inversa",
        "movimiento_original": "Reverse-Strike-Slip",
        "movimiento_original_en": "Reverse-Strike-Slip",
        "fuente": "SARA (Alvarado et al., 2017) vía GEM GAF-DB",
        "fuente_url": "https://github.com/GEMScienceTools/gem-global-active-faults/blob/850fd05b48841eb806d61a37043b5567f5bb99dd/geojson/gem_active_faults_harmonized.geojson",
        "licencia": "CC BY-SA 4.0",
        "descripcion": "Traza regional incorporada por GEM GAF-DB desde el catálogo SARA. Revise la clasificación original y los metadatos disponibles antes de usarla a escala local.",
        "descripcion_en": "Regional trace incorporated into GEM GAF-DB from the SARA catalog. Review the original classification and available metadata before using it at local scale."
      },
      "geometry": {
        "type": "LineString",
        "coordinates": [
          [
            -77.6452022988469,
            0.70174857573636
          ],
          [
            -77.735736997964,
            0.629590123285709
          ],
          [
            -77.8059118022877,
            0.585941890206243
          ],
          [
            -77.8389219324011,
            0.562672453870789
          ],
          [
            -77.8573210218476,
            0.551849460184599
          ],
          [
            -77.8946933306325,
            0.542163357053425
          ],
          [
            -77.9371587627666,
            0.545107293167234
          ]
        ]
      }
    },
    {
      "type": "Feature",
      "id": "SA_363",
      "properties": {
        "average_dip": "(45,,)",
        "catalog_id": "SA_363",
        "catalog_name": "SARA",
        "dip_dir": "NW",
        "lower_seis_depth": "(24.2,,)",
        "name": "San Gabriel",
        "net_slip_rate": "(1.5,1.0,2.0)",
        "slip_type": "Reverse",
        "upper_seis_depth": "(0.0,,)",
        "downthrown_side_id": "None",
        "nombre": "San Gabriel",
        "nombre_en": "San Gabriel",
        "provincia": "Carchi",
        "provincia_en": "Carchi",
        "tipo_movimiento": "inversa",
        "movimiento_original": "Reverse",
        "movimiento_original_en": "Reverse",
        "fuente": "SARA (Alvarado et al., 2017) vía GEM GAF-DB",
        "fuente_url": "https://github.com/GEMScienceTools/gem-global-active-faults/blob/850fd05b48841eb806d61a37043b5567f5bb99dd/geojson/gem_active_faults_harmonized.geojson",
        "licencia": "CC BY-SA 4.0",
        "descripcion": "Traza regional incorporada por GEM GAF-DB desde el catálogo SARA. Revise la clasificación original y los metadatos disponibles antes de usarla a escala local.",
        "descripcion_en": "Regional trace incorporated into GEM GAF-DB from the SARA catalog. Review the original classification and available metadata before using it at local scale."
      },
      "geometry": {
        "type": "LineString",
        "coordinates": [
          [
            -77.8405453813641,
            0.54535566433259
          ],
          [
            -77.8785645356247,
            0.515488952553255
          ],
          [
            -77.9352128636826,
            0.491872194446387
          ]
        ]
      }
    },
    {
      "type": "Feature",
      "id": "SA_364",
      "properties": {
        "average_dip": "(45,,)",
        "catalog_id": "SA_364",
        "catalog_name": "SARA",
        "dip_dir": "E",
        "lower_seis_depth": "(28.0,,)",
        "name": "Salado",
        "net_slip_rate": "(0.5,0.1,1.0)",
        "slip_type": "Reverse",
        "upper_seis_depth": "(0.0,,)",
        "downthrown_side_id": "None",
        "nombre": "Salado",
        "nombre_en": "Salado",
        "provincia": "Napo",
        "provincia_en": "Napo",
        "tipo_movimiento": "inversa",
        "movimiento_original": "Reverse",
        "movimiento_original_en": "Reverse",
        "fuente": "SARA (Alvarado et al., 2017) vía GEM GAF-DB",
        "fuente_url": "https://github.com/GEMScienceTools/gem-global-active-faults/blob/850fd05b48841eb806d61a37043b5567f5bb99dd/geojson/gem_active_faults_harmonized.geojson",
        "licencia": "CC BY-SA 4.0",
        "descripcion": "Traza regional incorporada por GEM GAF-DB desde el catálogo SARA. Revise la clasificación original y los metadatos disponibles antes de usarla a escala local.",
        "descripcion_en": "Regional trace incorporated into GEM GAF-DB from the SARA catalog. Review the original classification and available metadata before using it at local scale."
      },
      "geometry": {
        "type": "LineString",
        "coordinates": [
          [
            -77.868251983642,
            -0.285323776670793
          ],
          [
            -77.8550346637186,
            -0.237146768208618
          ],
          [
            -77.8163947533151,
            -0.160157452704141
          ],
          [
            -77.800741348934,
            -0.013436397371663
          ]
        ]
      }
    },
    {
      "type": "Feature",
      "id": "SA_365",
      "properties": {
        "average_dip": "(90,,)",
        "catalog_id": "SA_365",
        "catalog_name": "SARA",
        "dip_dir": "VERTICAL",
        "lower_seis_depth": "(28.0,,)",
        "name": "Río San José",
        "net_slip_rate": "(0.5,0.1,1.0)",
        "slip_type": "Reverse-Strike-Slip",
        "upper_seis_depth": "(0.0,,)",
        "downthrown_side_id": "None",
        "nombre": "Río San José",
        "nombre_en": "Río San José",
        "provincia": "Napo",
        "provincia_en": "Napo",
        "tipo_movimiento": "inversa",
        "movimiento_original": "Reverse-Strike-Slip",
        "movimiento_original_en": "Reverse-Strike-Slip",
        "fuente": "SARA (Alvarado et al., 2017) vía GEM GAF-DB",
        "fuente_url": "https://github.com/GEMScienceTools/gem-global-active-faults/blob/850fd05b48841eb806d61a37043b5567f5bb99dd/geojson/gem_active_faults_harmonized.geojson",
        "licencia": "CC BY-SA 4.0",
        "descripcion": "Traza regional incorporada por GEM GAF-DB desde el catálogo SARA. Revise la clasificación original y los metadatos disponibles antes de usarla a escala local.",
        "descripcion_en": "Regional trace incorporated into GEM GAF-DB from the SARA catalog. Review the original classification and available metadata before using it at local scale."
      },
      "geometry": {
        "type": "LineString",
        "coordinates": [
          [
            -77.9107833109009,
            -0.480860831262191
          ],
          [
            -77.8911397360098,
            -0.466920230683911
          ],
          [
            -77.8525453753686,
            -0.410855814444119
          ]
        ]
      }
    },
    {
      "type": "Feature",
      "id": "SA_366",
      "properties": {
        "average_dip": "(90,,)",
        "catalog_id": "SA_366",
        "catalog_name": "SARA",
        "dip_dir": "VERTICAL",
        "lower_seis_depth": "(23.2,,)",
        "name": "El Angel",
        "net_slip_rate": "(3.5,2.0,5.0)",
        "slip_type": "Strike-Slip",
        "upper_seis_depth": "(0.0,,)",
        "downthrown_side_id": "None",
        "nombre": "El Angel",
        "nombre_en": "El Angel",
        "provincia": "Carchi",
        "provincia_en": "Carchi",
        "tipo_movimiento": "desconocido",
        "movimiento_original": "Strike-Slip",
        "movimiento_original_en": "Strike-Slip",
        "fuente": "SARA (Alvarado et al., 2017) vía GEM GAF-DB",
        "fuente_url": "https://github.com/GEMScienceTools/gem-global-active-faults/blob/850fd05b48841eb806d61a37043b5567f5bb99dd/geojson/gem_active_faults_harmonized.geojson",
        "licencia": "CC BY-SA 4.0",
        "descripcion": "Traza regional incorporada por GEM GAF-DB desde el catálogo SARA. Revise la clasificación original y los metadatos disponibles antes de usarla a escala local.",
        "descripcion_en": "Regional trace incorporated into GEM GAF-DB from the SARA catalog. Review the original classification and available metadata before using it at local scale."
      },
      "geometry": {
        "type": "LineString",
        "coordinates": [
          [
            -77.9406022102237,
            0.604358608163409
          ],
          [
            -77.8859837554458,
            0.663188280514873
          ],
          [
            -77.8540206052666,
            0.712769605533026
          ],
          [
            -77.826335575926,
            0.789388249268427
          ]
        ]
      }
    },
    {
      "type": "Feature",
      "id": "SA_367",
      "properties": {
        "average_dip": "(90,,)",
        "catalog_id": "SA_367",
        "catalog_name": "SARA",
        "dip_dir": "VERTICAL",
        "lower_seis_depth": "(23.2,,)",
        "name": "El Angel",
        "net_slip_rate": "(1.5,1.0,2.0)",
        "slip_type": "Reverse-Strike-Slip",
        "upper_seis_depth": "(0.0,,)",
        "downthrown_side_id": "None",
        "nombre": "El Angel",
        "nombre_en": "El Angel",
        "provincia": "Carchi",
        "provincia_en": "Carchi",
        "tipo_movimiento": "inversa",
        "movimiento_original": "Reverse-Strike-Slip",
        "movimiento_original_en": "Reverse-Strike-Slip",
        "fuente": "SARA (Alvarado et al., 2017) vía GEM GAF-DB",
        "fuente_url": "https://github.com/GEMScienceTools/gem-global-active-faults/blob/850fd05b48841eb806d61a37043b5567f5bb99dd/geojson/gem_active_faults_harmonized.geojson",
        "licencia": "CC BY-SA 4.0",
        "descripcion": "Traza regional incorporada por GEM GAF-DB desde el catálogo SARA. Revise la clasificación original y los metadatos disponibles antes de usarla a escala local.",
        "descripcion_en": "Regional trace incorporated into GEM GAF-DB from the SARA catalog. Review the original classification and available metadata before using it at local scale."
      },
      "geometry": {
        "type": "LineString",
        "coordinates": [
          [
            -77.9230224436307,
            0.646713279794199
          ],
          [
            -77.9095538297453,
            0.664992112795915
          ],
          [
            -77.8960852158599,
            0.709246130104987
          ],
          [
            -77.8859837554458,
            0.78115890845703
          ]
        ]
      }
    },
    {
      "type": "Feature",
      "id": "SA_368",
      "properties": {
        "average_dip": "(90,,)",
        "catalog_id": "SA_368",
        "catalog_name": "SARA",
        "dip_dir": "VERTICAL",
        "lower_seis_depth": "(28.0,,)",
        "name": "Río Quijos",
        "net_slip_rate": "(3.0,1.0,5.0)",
        "slip_type": "Dextral",
        "upper_seis_depth": "(0.0,,)",
        "downthrown_side_id": "None",
        "nombre": "Río Quijos",
        "nombre_en": "Río Quijos",
        "provincia": "Napo",
        "provincia_en": "Napo",
        "tipo_movimiento": "dextral",
        "movimiento_original": "Dextral",
        "movimiento_original_en": "Dextral",
        "fuente": "SARA (Alvarado et al., 2017) vía GEM GAF-DB",
        "fuente_url": "https://github.com/GEMScienceTools/gem-global-active-faults/blob/850fd05b48841eb806d61a37043b5567f5bb99dd/geojson/gem_active_faults_harmonized.geojson",
        "licencia": "CC BY-SA 4.0",
        "descripcion": "Traza regional incorporada por GEM GAF-DB desde el catálogo SARA. Revise la clasificación original y los metadatos disponibles antes de usarla a escala local.",
        "descripcion_en": "Regional trace incorporated into GEM GAF-DB from the SARA catalog. Review the original classification and available metadata before using it at local scale."
      },
      "geometry": {
        "type": "LineString",
        "coordinates": [
          [
            -77.8710022282701,
            -0.568649901071922
          ],
          [
            -77.8680262493118,
            -0.48941209699052
          ],
          [
            -77.8147192497934,
            -0.404120897761061
          ],
          [
            -77.8013924994641,
            -0.347482211334807
          ],
          [
            -77.7757768488224,
            -0.315662092031744
          ]
        ]
      }
    },
    {
      "type": "Feature",
      "id": "SA_369",
      "properties": {
        "average_dip": "(75,,)",
        "catalog_id": "SA_369",
        "catalog_name": "SARA",
        "dip_dir": "W",
        "lower_seis_depth": "(20.0,,)",
        "name": "San Lorenzo",
        "net_slip_rate": "(0.5,0.1,1.0)",
        "slip_type": "Normal",
        "upper_seis_depth": "(1.0,,)",
        "downthrown_side_id": "None",
        "nombre": "San Lorenzo",
        "nombre_en": "San Lorenzo",
        "provincia": "Esmeraldas",
        "provincia_en": "Esmeraldas",
        "tipo_movimiento": "normal",
        "movimiento_original": "Normal",
        "movimiento_original_en": "Normal",
        "fuente": "SARA (Alvarado et al., 2017) vía GEM GAF-DB",
        "fuente_url": "https://github.com/GEMScienceTools/gem-global-active-faults/blob/850fd05b48841eb806d61a37043b5567f5bb99dd/geojson/gem_active_faults_harmonized.geojson",
        "licencia": "CC BY-SA 4.0",
        "descripcion": "Traza regional incorporada por GEM GAF-DB desde el catálogo SARA. Revise la clasificación original y los metadatos disponibles antes de usarla a escala local.",
        "descripcion_en": "Regional trace incorporated into GEM GAF-DB from the SARA catalog. Review the original classification and available metadata before using it at local scale."
      },
      "geometry": {
        "type": "LineString",
        "coordinates": [
          [
            -78.8484482321001,
            1.26202547299732
          ],
          [
            -78.8625601184546,
            1.17114492519829
          ]
        ]
      }
    },
    {
      "type": "Feature",
      "id": "SA_370",
      "properties": {
        "average_dip": "(72.0,,)",
        "catalog_id": "SA_370",
        "catalog_name": "SARA",
        "dip_dir": "W",
        "lower_seis_depth": "(28.0,,)",
        "name": "Pallatanga",
        "net_slip_rate": "(3.5,3,4)",
        "slip_type": "Reverse-Strike-Slip",
        "upper_seis_depth": "(0.0,,)",
        "downthrown_side_id": "None",
        "nombre": "Pallatanga",
        "nombre_en": "Pallatanga",
        "provincia": "Chimborazo",
        "provincia_en": "Chimborazo",
        "tipo_movimiento": "inversa",
        "movimiento_original": "Reverse-Strike-Slip",
        "movimiento_original_en": "Reverse-Strike-Slip",
        "fuente": "SARA (Alvarado et al., 2017) vía GEM GAF-DB",
        "fuente_url": "https://github.com/GEMScienceTools/gem-global-active-faults/blob/850fd05b48841eb806d61a37043b5567f5bb99dd/geojson/gem_active_faults_harmonized.geojson",
        "licencia": "CC BY-SA 4.0",
        "descripcion": "Traza regional incorporada por GEM GAF-DB desde el catálogo SARA. Revise la clasificación original y los metadatos disponibles antes de usarla a escala local.",
        "descripcion_en": "Regional trace incorporated into GEM GAF-DB from the SARA catalog. Review the original classification and available metadata before using it at local scale."
      },
      "geometry": {
        "type": "LineString",
        "coordinates": [
          [
            -78.9734616578291,
            -2.02712429524985
          ],
          [
            -78.9779774613906,
            -2.05271384936452
          ],
          [
            -79.0282074494141,
            -2.11802726674478
          ]
        ]
      }
    },
    {
      "type": "Feature",
      "id": "SA_371",
      "properties": {
        "average_dip": "(45,,)",
        "catalog_id": "SA_371",
        "catalog_name": "SARA",
        "dip_dir": "NW",
        "lower_seis_depth": "(28.0,,)",
        "name": "Pallatanga",
        "net_slip_rate": "(3.5,3,4)",
        "slip_type": "Reverse-Strike-Slip",
        "upper_seis_depth": "(0.0,,)",
        "downthrown_side_id": "None",
        "nombre": "Pallatanga",
        "nombre_en": "Pallatanga",
        "provincia": "Chimborazo",
        "provincia_en": "Chimborazo",
        "tipo_movimiento": "inversa",
        "movimiento_original": "Reverse-Strike-Slip",
        "movimiento_original_en": "Reverse-Strike-Slip",
        "fuente": "SARA (Alvarado et al., 2017) vía GEM GAF-DB",
        "fuente_url": "https://github.com/GEMScienceTools/gem-global-active-faults/blob/850fd05b48841eb806d61a37043b5567f5bb99dd/geojson/gem_active_faults_harmonized.geojson",
        "licencia": "CC BY-SA 4.0",
        "descripcion": "Traza regional incorporada por GEM GAF-DB desde el catálogo SARA. Revise la clasificación original y los metadatos disponibles antes de usarla a escala local.",
        "descripcion_en": "Regional trace incorporated into GEM GAF-DB from the SARA catalog. Review the original classification and available metadata before using it at local scale."
      },
      "geometry": {
        "type": "LineString",
        "coordinates": [
          [
            -78.6560328889066,
            -1.60973568935043
          ],
          [
            -78.6969439552992,
            -1.64629153062947
          ],
          [
            -78.7557032224256,
            -1.66770302067772
          ]
        ]
      }
    },
    {
      "type": "Feature",
      "id": "SA_372",
      "properties": {
        "average_dip": "(90,,)",
        "catalog_id": "SA_372",
        "catalog_name": "SARA",
        "dip_dir": "VERTICAL",
        "lower_seis_depth": "(28.0,,)",
        "name": "Troncal",
        "net_slip_rate": "(2.5,1,4)",
        "slip_type": "Reverse-Strike-Slip",
        "upper_seis_depth": "(0.0,,)",
        "downthrown_side_id": "None",
        "nombre": "Troncal",
        "nombre_en": "Troncal",
        "provincia": "Cañar",
        "provincia_en": "Cañar",
        "tipo_movimiento": "inversa",
        "movimiento_original": "Reverse-Strike-Slip",
        "movimiento_original_en": "Reverse-Strike-Slip",
        "fuente": "SARA (Alvarado et al., 2017) vía GEM GAF-DB",
        "fuente_url": "https://github.com/GEMScienceTools/gem-global-active-faults/blob/850fd05b48841eb806d61a37043b5567f5bb99dd/geojson/gem_active_faults_harmonized.geojson",
        "licencia": "CC BY-SA 4.0",
        "descripcion": "Traza regional incorporada por GEM GAF-DB desde el catálogo SARA. Revise la clasificación original y los metadatos disponibles antes de usarla a escala local.",
        "descripcion_en": "Regional trace incorporated into GEM GAF-DB from the SARA catalog. Review the original classification and available metadata before using it at local scale."
      },
      "geometry": {
        "type": "LineString",
        "coordinates": [
          [
            -79.3224035489844,
            -2.50082307872196
          ],
          [
            -79.2481186882267,
            -2.44281014007572
          ],
          [
            -79.209915045243,
            -2.37984487683946
          ],
          [
            -79.2056701966221,
            -2.34305618399554
          ]
        ]
      }
    },
    {
      "type": "Feature",
      "id": "SA_373",
      "properties": {
        "average_dip": "(90,,)",
        "catalog_id": "SA_373",
        "catalog_name": "SARA",
        "dip_dir": "VERTICAL",
        "lower_seis_depth": "(33.0,,)",
        "name": "Cedropamba",
        "net_slip_rate": "(1.5,1.0,2.0)",
        "slip_type": "Reverse-Strike-Slip",
        "upper_seis_depth": "(1.0,,)",
        "downthrown_side_id": "None",
        "nombre": "Cedropamba",
        "nombre_en": "Cedropamba",
        "provincia": "Cañar",
        "provincia_en": "Cañar",
        "tipo_movimiento": "inversa",
        "movimiento_original": "Reverse-Strike-Slip",
        "movimiento_original_en": "Reverse-Strike-Slip",
        "fuente": "SARA (Alvarado et al., 2017) vía GEM GAF-DB",
        "fuente_url": "https://github.com/GEMScienceTools/gem-global-active-faults/blob/850fd05b48841eb806d61a37043b5567f5bb99dd/geojson/gem_active_faults_harmonized.geojson",
        "licencia": "CC BY-SA 4.0",
        "descripcion": "Traza regional incorporada por GEM GAF-DB desde el catálogo SARA. Revise la clasificación original y los metadatos disponibles antes de usarla a escala local.",
        "descripcion_en": "Regional trace incorporated into GEM GAF-DB from the SARA catalog. Review the original classification and available metadata before using it at local scale."
      },
      "geometry": {
        "type": "LineString",
        "coordinates": [
          [
            -78.8412486294205,
            -2.58260005025198
          ],
          [
            -78.7545374969078,
            -2.44819779319346
          ]
        ]
      }
    },
    {
      "type": "Feature",
      "id": "SA_374",
      "properties": {
        "average_dip": "(90,,)",
        "catalog_id": "SA_374",
        "catalog_name": "SARA",
        "dip_dir": "VERTICAL",
        "lower_seis_depth": "(33.0,,)",
        "name": "Tioloma",
        "net_slip_rate": "(2.5,1,4)",
        "slip_type": "Strike-Slip",
        "upper_seis_depth": "(1.0,,)",
        "downthrown_side_id": "None",
        "nombre": "Tioloma",
        "nombre_en": "Tioloma",
        "provincia": "Chimborazo",
        "provincia_en": "Chimborazo",
        "tipo_movimiento": "desconocido",
        "movimiento_original": "Strike-Slip",
        "movimiento_original_en": "Strike-Slip",
        "fuente": "SARA (Alvarado et al., 2017) vía GEM GAF-DB",
        "fuente_url": "https://github.com/GEMScienceTools/gem-global-active-faults/blob/850fd05b48841eb806d61a37043b5567f5bb99dd/geojson/gem_active_faults_harmonized.geojson",
        "licencia": "CC BY-SA 4.0",
        "descripcion": "Traza regional incorporada por GEM GAF-DB desde el catálogo SARA. Revise la clasificación original y los metadatos disponibles antes de usarla a escala local.",
        "descripcion_en": "Regional trace incorporated into GEM GAF-DB from the SARA catalog. Review the original classification and available metadata before using it at local scale."
      },
      "geometry": {
        "type": "LineString",
        "coordinates": [
          [
            -78.6676336720562,
            -2.36419638365601
          ],
          [
            -78.6399944982473,
            -2.33438943182665
          ],
          [
            -78.5977228205516,
            -2.2552655223858
          ]
        ]
      }
    },
    {
      "type": "Feature",
      "id": "SA_375",
      "properties": {
        "average_dip": "(45,,)",
        "catalog_id": "SA_375",
        "catalog_name": "SARA",
        "dip_dir": "W",
        "lower_seis_depth": "(28.0,,)",
        "name": "Comuna Lagartococha",
        "net_slip_rate": "(1.5,1.0,2.0)",
        "slip_type": "Reverse-Strike-Slip",
        "upper_seis_depth": "(0.0,,)",
        "downthrown_side_id": "None",
        "nombre": "Comuna Lagartococha",
        "nombre_en": "Comuna Lagartococha",
        "provincia": "Napo, Pastaza",
        "provincia_en": "Napo, Pastaza",
        "tipo_movimiento": "inversa",
        "movimiento_original": "Reverse-Strike-Slip",
        "movimiento_original_en": "Reverse-Strike-Slip",
        "fuente": "SARA (Alvarado et al., 2017) vía GEM GAF-DB",
        "fuente_url": "https://github.com/GEMScienceTools/gem-global-active-faults/blob/850fd05b48841eb806d61a37043b5567f5bb99dd/geojson/gem_active_faults_harmonized.geojson",
        "licencia": "CC BY-SA 4.0",
        "descripcion": "Traza regional incorporada por GEM GAF-DB desde el catálogo SARA. Revise la clasificación original y los metadatos disponibles antes de usarla a escala local.",
        "descripcion_en": "Regional trace incorporated into GEM GAF-DB from the SARA catalog. Review the original classification and available metadata before using it at local scale."
      },
      "geometry": {
        "type": "LineString",
        "coordinates": [
          [
            -77.9730385476907,
            -0.90007284318699
          ],
          [
            -77.9641159554868,
            -0.981647692087165
          ],
          [
            -77.9758856232228,
            -1.09304245474533
          ],
          [
            -78.0266754401193,
            -1.20011844900705
          ],
          [
            -78.0449660695284,
            -1.27978430070476
          ],
          [
            -78.0844860600835,
            -1.32061664674069
          ]
        ]
      }
    },
    {
      "type": "Feature",
      "id": "SA_376",
      "properties": {
        "average_dip": "(90,,)",
        "catalog_id": "SA_376",
        "catalog_name": "SARA",
        "dip_dir": "VERTICAL",
        "lower_seis_depth": "(20.0,,)",
        "name": "Mataje",
        "net_slip_rate": "(0.5,0.1,1.0)",
        "slip_type": "Reverse-Strike-Slip",
        "upper_seis_depth": "(1.0,,)",
        "downthrown_side_id": "None",
        "nombre": "Mataje",
        "nombre_en": "Mataje",
        "provincia": "Esmeraldas",
        "provincia_en": "Esmeraldas",
        "tipo_movimiento": "inversa",
        "movimiento_original": "Reverse-Strike-Slip",
        "movimiento_original_en": "Reverse-Strike-Slip",
        "fuente": "SARA (Alvarado et al., 2017) vía GEM GAF-DB",
        "fuente_url": "https://github.com/GEMScienceTools/gem-global-active-faults/blob/850fd05b48841eb806d61a37043b5567f5bb99dd/geojson/gem_active_faults_harmonized.geojson",
        "licencia": "CC BY-SA 4.0",
        "descripcion": "Traza regional incorporada por GEM GAF-DB desde el catálogo SARA. Revise la clasificación original y los metadatos disponibles antes de usarla a escala local.",
        "descripcion_en": "Regional trace incorporated into GEM GAF-DB from the SARA catalog. Review the original classification and available metadata before using it at local scale."
      },
      "geometry": {
        "type": "LineString",
        "coordinates": [
          [
            -78.7491535570908,
            1.23112016026732
          ],
          [
            -78.7248613145978,
            1.28018096308114
          ],
          [
            -78.7162875820061,
            1.3335286317411
          ],
          [
            -78.7181928560153,
            1.38973421186455
          ]
        ]
      }
    },
    {
      "type": "Feature",
      "id": "SA_377",
      "properties": {
        "average_dip": "(90,,)",
        "catalog_id": "SA_377",
        "catalog_name": "SARA",
        "dip_dir": "VERTICAL",
        "lower_seis_depth": "(20.0,,)",
        "name": "Río Canandé",
        "net_slip_rate": "(0.5,0.1,1.0)",
        "slip_type": "Reverse-Strike-Slip",
        "upper_seis_depth": "(1.0,,)",
        "downthrown_side_id": "None",
        "nombre": "Río Canandé",
        "nombre_en": "Río Canandé",
        "provincia": "Esmeraldas",
        "provincia_en": "Esmeraldas",
        "tipo_movimiento": "inversa",
        "movimiento_original": "Reverse-Strike-Slip",
        "movimiento_original_en": "Reverse-Strike-Slip",
        "fuente": "SARA (Alvarado et al., 2017) vía GEM GAF-DB",
        "fuente_url": "https://github.com/GEMScienceTools/gem-global-active-faults/blob/850fd05b48841eb806d61a37043b5567f5bb99dd/geojson/gem_active_faults_harmonized.geojson",
        "licencia": "CC BY-SA 4.0",
        "descripcion": "Traza regional incorporada por GEM GAF-DB desde el catálogo SARA. Revise la clasificación original y los metadatos disponibles antes de usarla a escala local.",
        "descripcion_en": "Regional trace incorporated into GEM GAF-DB from the SARA catalog. Review the original classification and available metadata before using it at local scale."
      },
      "geometry": {
        "type": "LineString",
        "coordinates": [
          [
            -79.2456055750371,
            0.464242559746481
          ],
          [
            -79.2277536610025,
            0.457498503253476
          ],
          [
            -79.1547591682009,
            0.461068886420151
          ],
          [
            -79.0817646762986,
            0.483284601503328
          ],
          [
            -79.036936536292,
            0.504310188864281
          ],
          [
            -78.9595493697075,
            0.5593213622912
          ],
          [
            -78.7562862088413,
            0.663146430563472
          ]
        ]
      }
    },
    {
      "type": "Feature",
      "id": "SA_378",
      "properties": {
        "average_dip": "(90,,)",
        "catalog_id": "SA_378",
        "catalog_name": "SARA",
        "dip_dir": "VERTICAL",
        "lower_seis_depth": "(24.2,,)",
        "name": "Rosa Florida",
        "net_slip_rate": "(1.5,1,2)",
        "slip_type": "Strike-Slip",
        "upper_seis_depth": "(0.0,,)",
        "downthrown_side_id": "None",
        "nombre": "Rosa Florida",
        "nombre_en": "Rosa Florida",
        "provincia": "Sucumbíos",
        "provincia_en": "Sucumbíos",
        "tipo_movimiento": "desconocido",
        "movimiento_original": "Strike-Slip",
        "movimiento_original_en": "Strike-Slip",
        "fuente": "SARA (Alvarado et al., 2017) vía GEM GAF-DB",
        "fuente_url": "https://github.com/GEMScienceTools/gem-global-active-faults/blob/850fd05b48841eb806d61a37043b5567f5bb99dd/geojson/gem_active_faults_harmonized.geojson",
        "licencia": "CC BY-SA 4.0",
        "descripcion": "Traza regional incorporada por GEM GAF-DB desde el catálogo SARA. Revise la clasificación original y los metadatos disponibles antes de usarla a escala local.",
        "descripcion_en": "Regional trace incorporated into GEM GAF-DB from the SARA catalog. Review the original classification and available metadata before using it at local scale."
      },
      "geometry": {
        "type": "LineString",
        "coordinates": [
          [
            -77.7146251638201,
            0.170113242931961
          ],
          [
            -77.6743243045229,
            0.237108770253712
          ],
          [
            -77.6760655718685,
            0.266486262531146
          ],
          [
            -77.6620521567814,
            0.303814870560018
          ]
        ]
      }
    },
    {
      "type": "Feature",
      "id": "SA_379",
      "properties": {
        "average_dip": "(40,,)",
        "catalog_id": "SA_379",
        "catalog_name": "SARA",
        "dip_dir": "W",
        "lower_seis_depth": "(18.0,,)",
        "name": "Quito",
        "net_slip_rate": "(1.05,0.1,2.0)",
        "slip_type": "Reverse",
        "upper_seis_depth": "(1.0,,)",
        "downthrown_side_id": "None",
        "nombre": "Quito",
        "nombre_en": "Quito",
        "provincia": "Pichincha",
        "provincia_en": "Pichincha",
        "tipo_movimiento": "inversa",
        "movimiento_original": "Reverse",
        "movimiento_original_en": "Reverse",
        "fuente": "SARA (Alvarado et al., 2017) vía GEM GAF-DB",
        "fuente_url": "https://github.com/GEMScienceTools/gem-global-active-faults/blob/850fd05b48841eb806d61a37043b5567f5bb99dd/geojson/gem_active_faults_harmonized.geojson",
        "licencia": "CC BY-SA 4.0",
        "descripcion": "Traza regional incorporada por GEM GAF-DB desde el catálogo SARA. Revise la clasificación original y los metadatos disponibles antes de usarla a escala local.",
        "descripcion_en": "Regional trace incorporated into GEM GAF-DB from the SARA catalog. Review the original classification and available metadata before using it at local scale."
      },
      "geometry": {
        "type": "LineString",
        "coordinates": [
          [
            -78.4934749845827,
            -0.29567525221097
          ],
          [
            -78.4971662150487,
            -0.334894584117592
          ],
          [
            -78.5195365235915,
            -0.391121326188113
          ],
          [
            -78.5435373083999,
            -0.406181489184235
          ],
          [
            -78.5665562376801,
            -0.407847669434261
          ]
        ]
      }
    },
    {
      "type": "Feature",
      "id": "SA_380",
      "properties": {
        "average_dip": "(40,,)",
        "catalog_id": "SA_380",
        "catalog_name": "SARA",
        "dip_dir": "W",
        "lower_seis_depth": "(18.0,,)",
        "name": "Quito",
        "net_slip_rate": "(1.05,0.1,2.0)",
        "slip_type": "Reverse",
        "upper_seis_depth": "(1.0,,)",
        "downthrown_side_id": "None",
        "nombre": "Quito",
        "nombre_en": "Quito",
        "provincia": "Pichincha",
        "provincia_en": "Pichincha",
        "tipo_movimiento": "inversa",
        "movimiento_original": "Reverse",
        "movimiento_original_en": "Reverse",
        "fuente": "SARA (Alvarado et al., 2017) vía GEM GAF-DB",
        "fuente_url": "https://github.com/GEMScienceTools/gem-global-active-faults/blob/850fd05b48841eb806d61a37043b5567f5bb99dd/geojson/gem_active_faults_harmonized.geojson",
        "licencia": "CC BY-SA 4.0",
        "descripcion": "Traza regional incorporada por GEM GAF-DB desde el catálogo SARA. Revise la clasificación original y los metadatos disponibles antes de usarla a escala local.",
        "descripcion_en": "Regional trace incorporated into GEM GAF-DB from the SARA catalog. Review the original classification and available metadata before using it at local scale."
      },
      "geometry": {
        "type": "LineString",
        "coordinates": [
          [
            -78.4561834681924,
            -0.273040748031917
          ],
          [
            -78.4871461585682,
            -0.328586208686431
          ],
          [
            -78.4894512576693,
            -0.364724219546929
          ],
          [
            -78.5196852399817,
            -0.391567474459237
          ]
        ]
      }
    },
    {
      "type": "Feature",
      "id": "SA_381",
      "properties": {
        "average_dip": "(90,,)",
        "catalog_id": "SA_381",
        "catalog_name": "SARA",
        "dip_dir": "W",
        "lower_seis_depth": "(28.0,,)",
        "name": "Cebadas-Peltetec",
        "net_slip_rate": "(2.0,1.0,3.0)",
        "slip_type": "Strike-Slip",
        "upper_seis_depth": "(0.0,,)",
        "downthrown_side_id": "None",
        "nombre": "Cebadas-Peltetec",
        "nombre_en": "Cebadas-Peltetec",
        "provincia": "Chimborazo",
        "provincia_en": "Chimborazo",
        "tipo_movimiento": "desconocido",
        "movimiento_original": "Strike-Slip",
        "movimiento_original_en": "Strike-Slip",
        "fuente": "SARA (Alvarado et al., 2017) vía GEM GAF-DB",
        "fuente_url": "https://github.com/GEMScienceTools/gem-global-active-faults/blob/850fd05b48841eb806d61a37043b5567f5bb99dd/geojson/gem_active_faults_harmonized.geojson",
        "licencia": "CC BY-SA 4.0",
        "descripcion": "Traza regional incorporada por GEM GAF-DB desde el catálogo SARA. Revise la clasificación original y los metadatos disponibles antes de usarla a escala local.",
        "descripcion_en": "Regional trace incorporated into GEM GAF-DB from the SARA catalog. Review the original classification and available metadata before using it at local scale."
      },
      "geometry": {
        "type": "LineString",
        "coordinates": [
          [
            -78.6391495860844,
            -1.89811000247448
          ],
          [
            -78.6273361870153,
            -2.0510841501133
          ],
          [
            -78.6446057738372,
            -2.14775013016424
          ],
          [
            -78.67654388779,
            -2.22805167214682
          ]
        ]
      }
    },
    {
      "type": "Feature",
      "id": "SA_382",
      "properties": {
        "average_dip": "(90,,)",
        "catalog_id": "SA_382",
        "catalog_name": "SARA",
        "dip_dir": "VERTICAL",
        "lower_seis_depth": "(28.0,,)",
        "name": "Pallatanga",
        "net_slip_rate": "(3.5,3,4)",
        "slip_type": "Strike-Slip",
        "upper_seis_depth": "(0.0,,)",
        "downthrown_side_id": "None",
        "nombre": "Pallatanga",
        "nombre_en": "Pallatanga",
        "provincia": "Chimborazo",
        "provincia_en": "Chimborazo",
        "tipo_movimiento": "desconocido",
        "movimiento_original": "Strike-Slip",
        "movimiento_original_en": "Strike-Slip",
        "fuente": "SARA (Alvarado et al., 2017) vía GEM GAF-DB",
        "fuente_url": "https://github.com/GEMScienceTools/gem-global-active-faults/blob/850fd05b48841eb806d61a37043b5567f5bb99dd/geojson/gem_active_faults_harmonized.geojson",
        "licencia": "CC BY-SA 4.0",
        "descripcion": "Traza regional incorporada por GEM GAF-DB desde el catálogo SARA. Revise la clasificación original y los metadatos disponibles antes de usarla a escala local.",
        "descripcion_en": "Regional trace incorporated into GEM GAF-DB from the SARA catalog. Review the original classification and available metadata before using it at local scale."
      },
      "geometry": {
        "type": "LineString",
        "coordinates": [
          [
            -78.9640409994924,
            -1.99743707106381
          ],
          [
            -78.961653271581,
            -1.97863371567325
          ],
          [
            -78.991574484075,
            -1.91780593859301
          ]
        ]
      }
    },
    {
      "type": "Feature",
      "id": "SA_383",
      "properties": {
        "average_dip": "(90,,)",
        "catalog_id": "SA_383",
        "catalog_name": "SARA",
        "dip_dir": "VERTICAL",
        "lower_seis_depth": "(28.0,,)",
        "name": "Pallatanga",
        "net_slip_rate": "(3.5,3,4)",
        "slip_type": "Dextral",
        "upper_seis_depth": "(0.0,,)",
        "downthrown_side_id": "None",
        "nombre": "Pallatanga",
        "nombre_en": "Pallatanga",
        "provincia": "Chimborazo",
        "provincia_en": "Chimborazo",
        "tipo_movimiento": "dextral",
        "movimiento_original": "Dextral",
        "movimiento_original_en": "Dextral",
        "fuente": "SARA (Alvarado et al., 2017) vía GEM GAF-DB",
        "fuente_url": "https://github.com/GEMScienceTools/gem-global-active-faults/blob/850fd05b48841eb806d61a37043b5567f5bb99dd/geojson/gem_active_faults_harmonized.geojson",
        "licencia": "CC BY-SA 4.0",
        "descripcion": "Traza regional incorporada por GEM GAF-DB desde el catálogo SARA. Revise la clasificación original y los metadatos disponibles antes de usarla a escala local.",
        "descripcion_en": "Regional trace incorporated into GEM GAF-DB from the SARA catalog. Review the original classification and available metadata before using it at local scale."
      },
      "geometry": {
        "type": "LineString",
        "coordinates": [
          [
            -78.7911056400131,
            -1.7223845269242
          ],
          [
            -78.7563130697922,
            -1.67312000338529
          ],
          [
            -78.7457434690857,
            -1.64238352667826
          ]
        ]
      }
    },
    {
      "type": "Feature",
      "id": "SA_384",
      "properties": {
        "average_dip": "(45,,)",
        "catalog_id": "SA_384",
        "catalog_name": "SARA",
        "dip_dir": "W",
        "lower_seis_depth": "(23.2,,)",
        "name": "El Angel",
        "net_slip_rate": "(1.5,1.0,2.0)",
        "slip_type": "Reverse-Strike-Slip",
        "upper_seis_depth": "(0.0,,)",
        "downthrown_side_id": "None",
        "nombre": "El Angel",
        "nombre_en": "El Angel",
        "provincia": "Carchi, Imbabura",
        "provincia_en": "Carchi, Imbabura",
        "tipo_movimiento": "inversa",
        "movimiento_original": "Reverse-Strike-Slip",
        "movimiento_original_en": "Reverse-Strike-Slip",
        "fuente": "SARA (Alvarado et al., 2017) vía GEM GAF-DB",
        "fuente_url": "https://github.com/GEMScienceTools/gem-global-active-faults/blob/850fd05b48841eb806d61a37043b5567f5bb99dd/geojson/gem_active_faults_harmonized.geojson",
        "licencia": "CC BY-SA 4.0",
        "descripcion": "Traza regional incorporada por GEM GAF-DB desde el catálogo SARA. Revise la clasificación original y los metadatos disponibles antes de usarla a escala local.",
        "descripcion_en": "Regional trace incorporated into GEM GAF-DB from the SARA catalog. Review the original classification and available metadata before using it at local scale."
      },
      "geometry": {
        "type": "LineString",
        "coordinates": [
          [
            -77.9713026205194,
            0.599582805202488
          ],
          [
            -78.0586141476247,
            0.500477841279519
          ],
          [
            -78.0833617960099,
            0.488224152123109
          ],
          [
            -78.0960960226132,
            0.490867104933102
          ]
        ]
      }
    },
    {
      "type": "Feature",
      "id": "SA_385",
      "properties": {
        "average_dip": "(90,,)",
        "catalog_id": "SA_385",
        "catalog_name": "SARA",
        "dip_dir": "VERTICAL",
        "lower_seis_depth": "(28.0,,)",
        "name": "Pisayambo",
        "net_slip_rate": "(1.5,1.0,2.0)",
        "slip_type": "Strike-Slip",
        "upper_seis_depth": "(0.0,,)",
        "downthrown_side_id": "None",
        "nombre": "Pisayambo",
        "nombre_en": "Pisayambo",
        "provincia": "Tungurahua",
        "provincia_en": "Tungurahua",
        "tipo_movimiento": "desconocido",
        "movimiento_original": "Strike-Slip",
        "movimiento_original_en": "Strike-Slip",
        "fuente": "SARA (Alvarado et al., 2017) vía GEM GAF-DB",
        "fuente_url": "https://github.com/GEMScienceTools/gem-global-active-faults/blob/850fd05b48841eb806d61a37043b5567f5bb99dd/geojson/gem_active_faults_harmonized.geojson",
        "licencia": "CC BY-SA 4.0",
        "descripcion": "Traza regional incorporada por GEM GAF-DB desde el catálogo SARA. Revise la clasificación original y los metadatos disponibles antes de usarla a escala local.",
        "descripcion_en": "Regional trace incorporated into GEM GAF-DB from the SARA catalog. Review the original classification and available metadata before using it at local scale."
      },
      "geometry": {
        "type": "LineString",
        "coordinates": [
          [
            -78.3583907752139,
            -1.158089435379
          ],
          [
            -78.4104781528443,
            -1.06170728046646
          ]
        ]
      }
    },
    {
      "type": "Feature",
      "id": "SA_386",
      "properties": {
        "average_dip": "(90,,)",
        "catalog_id": "SA_386",
        "catalog_name": "SARA",
        "dip_dir": "VERTICAL",
        "lower_seis_depth": "(28.0,,)",
        "name": "Quebrada Ushpacha",
        "net_slip_rate": "(1.5,1.0,2.0)",
        "slip_type": "Normal",
        "upper_seis_depth": "(0.0,,)",
        "downthrown_side_id": "None",
        "nombre": "Quebrada Ushpacha",
        "nombre_en": "Quebrada Ushpacha",
        "provincia": "Napo, Tungurahua",
        "provincia_en": "Napo, Tungurahua",
        "tipo_movimiento": "normal",
        "movimiento_original": "Normal",
        "movimiento_original_en": "Normal",
        "fuente": "SARA (Alvarado et al., 2017) vía GEM GAF-DB",
        "fuente_url": "https://github.com/GEMScienceTools/gem-global-active-faults/blob/850fd05b48841eb806d61a37043b5567f5bb99dd/geojson/gem_active_faults_harmonized.geojson",
        "licencia": "CC BY-SA 4.0",
        "descripcion": "Traza regional incorporada por GEM GAF-DB desde el catálogo SARA. Revise la clasificación original y los metadatos disponibles antes de usarla a escala local.",
        "descripcion_en": "Regional trace incorporated into GEM GAF-DB from the SARA catalog. Review the original classification and available metadata before using it at local scale."
      },
      "geometry": {
        "type": "LineString",
        "coordinates": [
          [
            -78.407607194916,
            -1.06006673359269
          ],
          [
            -78.2931790198957,
            -1.09492836365291
          ]
        ]
      }
    },
    {
      "type": "Feature",
      "id": "SA_387",
      "properties": {
        "average_dip": "(40,,)",
        "catalog_id": "SA_387",
        "catalog_name": "SARA",
        "dip_dir": "W",
        "lower_seis_depth": "(18.0,,)",
        "name": "Quito",
        "net_slip_rate": "(1.05,0.1,2.0)",
        "slip_type": "Reverse",
        "upper_seis_depth": "(1.0,,)",
        "downthrown_side_id": "None",
        "nombre": "Quito",
        "nombre_en": "Quito",
        "provincia": "Pichincha",
        "provincia_en": "Pichincha",
        "tipo_movimiento": "inversa",
        "movimiento_original": "Reverse",
        "movimiento_original_en": "Reverse",
        "fuente": "SARA (Alvarado et al., 2017) vía GEM GAF-DB",
        "fuente_url": "https://github.com/GEMScienceTools/gem-global-active-faults/blob/850fd05b48841eb806d61a37043b5567f5bb99dd/geojson/gem_active_faults_harmonized.geojson",
        "licencia": "CC BY-SA 4.0",
        "descripcion": "Traza regional incorporada por GEM GAF-DB desde el catálogo SARA. Revise la clasificación original y los metadatos disponibles antes de usarla a escala local.",
        "descripcion_en": "Regional trace incorporated into GEM GAF-DB from the SARA catalog. Review the original classification and available metadata before using it at local scale."
      },
      "geometry": {
        "type": "LineString",
        "coordinates": [
          [
            -78.4494763720368,
            -0.235043786341521
          ],
          [
            -78.4905666283471,
            -0.309699264909
          ],
          [
            -78.4990434463978,
            -0.361898613530002
          ],
          [
            -78.5080407695657,
            -0.373349753088462
          ]
        ]
      }
    },
    {
      "type": "Feature",
      "id": "SA_388",
      "properties": {
        "average_dip": "(40,,)",
        "catalog_id": "SA_388",
        "catalog_name": "SARA",
        "dip_dir": "W",
        "lower_seis_depth": "(28.0,,)",
        "name": "Quito",
        "net_slip_rate": "(1.05,0.1,2.0)",
        "slip_type": "Reverse",
        "upper_seis_depth": "(0.0,,)",
        "downthrown_side_id": "None",
        "nombre": "Quito",
        "nombre_en": "Quito",
        "provincia": "Pichincha",
        "provincia_en": "Pichincha",
        "tipo_movimiento": "inversa",
        "movimiento_original": "Reverse",
        "movimiento_original_en": "Reverse",
        "fuente": "SARA (Alvarado et al., 2017) vía GEM GAF-DB",
        "fuente_url": "https://github.com/GEMScienceTools/gem-global-active-faults/blob/850fd05b48841eb806d61a37043b5567f5bb99dd/geojson/gem_active_faults_harmonized.geojson",
        "licencia": "CC BY-SA 4.0",
        "descripcion": "Traza regional incorporada por GEM GAF-DB desde el catálogo SARA. Revise la clasificación original y los metadatos disponibles antes de usarla a escala local.",
        "descripcion_en": "Regional trace incorporated into GEM GAF-DB from the SARA catalog. Review the original classification and available metadata before using it at local scale."
      },
      "geometry": {
        "type": "LineString",
        "coordinates": [
          [
            -78.4517836034304,
            0.130278031905789
          ],
          [
            -78.4233732456786,
            0.080762837635007
          ],
          [
            -78.4217497967156,
            0.045452821790434
          ],
          [
            -78.4052507454254,
            0.022863692905275
          ],
          [
            -78.4101182045913,
            -0.002498330933065
          ]
        ]
      }
    },
    {
      "type": "Feature",
      "id": "SA_389",
      "properties": {
        "average_dip": "(45,,)",
        "catalog_id": "SA_389",
        "catalog_name": "SARA",
        "dip_dir": "E",
        "lower_seis_depth": "(28.0,,)",
        "name": "Tres Cruces",
        "net_slip_rate": "(5.5,4,7)",
        "slip_type": "Reverse",
        "upper_seis_depth": "(0.0,,)",
        "downthrown_side_id": "None",
        "nombre": "Tres Cruces",
        "nombre_en": "Tres Cruces",
        "provincia": "Napo",
        "provincia_en": "Napo",
        "tipo_movimiento": "inversa",
        "movimiento_original": "Reverse",
        "movimiento_original_en": "Reverse",
        "fuente": "SARA (Alvarado et al., 2017) vía GEM GAF-DB",
        "fuente_url": "https://github.com/GEMScienceTools/gem-global-active-faults/blob/850fd05b48841eb806d61a37043b5567f5bb99dd/geojson/gem_active_faults_harmonized.geojson",
        "licencia": "CC BY-SA 4.0",
        "descripcion": "Traza regional incorporada por GEM GAF-DB desde el catálogo SARA. Revise la clasificación original y los metadatos disponibles antes de usarla a escala local.",
        "descripcion_en": "Regional trace incorporated into GEM GAF-DB from the SARA catalog. Review the original classification and available metadata before using it at local scale."
      },
      "geometry": {
        "type": "LineString",
        "coordinates": [
          [
            -77.7959524572399,
            -0.328544416291606
          ],
          [
            -77.7543261141587,
            -0.256729921248677
          ],
          [
            -77.7189061238184,
            -0.227469928993855
          ]
        ]
      }
    },
    {
      "type": "Feature",
      "id": "SA_390",
      "properties": {
        "average_dip": "(90,,)",
        "catalog_id": "SA_390",
        "catalog_name": "SARA",
        "dip_dir": "VERTICAL",
        "lower_seis_depth": "(28.0,,)",
        "name": "Alisal",
        "net_slip_rate": "(0.5,0.1,1.0)",
        "slip_type": "Strike-Slip",
        "upper_seis_depth": "(0.0,,)",
        "downthrown_side_id": "None",
        "nombre": "Alisal",
        "nombre_en": "Alisal",
        "provincia": "Napo, Tungurahua",
        "provincia_en": "Napo, Tungurahua",
        "tipo_movimiento": "desconocido",
        "movimiento_original": "Strike-Slip",
        "movimiento_original_en": "Strike-Slip",
        "fuente": "SARA (Alvarado et al., 2017) vía GEM GAF-DB",
        "fuente_url": "https://github.com/GEMScienceTools/gem-global-active-faults/blob/850fd05b48841eb806d61a37043b5567f5bb99dd/geojson/gem_active_faults_harmonized.geojson",
        "licencia": "CC BY-SA 4.0",
        "descripcion": "Traza regional incorporada por GEM GAF-DB desde el catálogo SARA. Revise la clasificación original y los metadatos disponibles antes de usarla a escala local.",
        "descripcion_en": "Regional trace incorporated into GEM GAF-DB from the SARA catalog. Review the original classification and available metadata before using it at local scale."
      },
      "geometry": {
        "type": "LineString",
        "coordinates": [
          [
            -78.4249969959145,
            -1.22166064292418
          ],
          [
            -78.3883918340157,
            -1.19711433565789
          ],
          [
            -78.3385955350557,
            -1.14119305281696
          ],
          [
            -78.306692048599,
            -1.12298392716633
          ]
        ]
      }
    },
    {
      "type": "Feature",
      "id": "SA_403",
      "properties": {
        "average_dip": "(72.0,,)",
        "catalog_id": "SA_403",
        "catalog_name": "SARA",
        "dip_dir": "NW",
        "lower_seis_depth": "(33.0,,)",
        "name": "Giron",
        "net_slip_rate": "(0.6,0.2,1.0)",
        "slip_type": "Dextral-Normal",
        "upper_seis_depth": "(1.0,,)",
        "downthrown_side_id": "None",
        "nombre": "Giron",
        "nombre_en": "Giron",
        "provincia": "Azuay, Loja",
        "provincia_en": "Azuay, Loja",
        "tipo_movimiento": "dextral",
        "movimiento_original": "Dextral-Normal",
        "movimiento_original_en": "Dextral-Normal",
        "fuente": "SARA (Alvarado et al., 2017) vía GEM GAF-DB",
        "fuente_url": "https://github.com/GEMScienceTools/gem-global-active-faults/blob/850fd05b48841eb806d61a37043b5567f5bb99dd/geojson/gem_active_faults_harmonized.geojson",
        "licencia": "CC BY-SA 4.0",
        "descripcion": "Traza regional incorporada por GEM GAF-DB desde el catálogo SARA. Revise la clasificación original y los metadatos disponibles antes de usarla a escala local.",
        "descripcion_en": "Regional trace incorporated into GEM GAF-DB from the SARA catalog. Review the original classification and available metadata before using it at local scale."
      },
      "geometry": {
        "type": "LineString",
        "coordinates": [
          [
            -79.1877840076257,
            -3.24717999825816
          ],
          [
            -79.2260159495763,
            -3.27681540440722
          ],
          [
            -79.2497836167108,
            -3.28545629200873
          ],
          [
            -79.2815504595324,
            -3.32707865133626
          ],
          [
            -79.3246122086689,
            -3.35756677309177
          ],
          [
            -79.3705015728208,
            -3.4169076402659
          ]
        ]
      }
    }
  ]
}
